City_ID,City,Country,Date,Lat,Lng,Max Temp,Humidity,Cloudiness,Wind Speed
0,Cape Town,ZA,2022-07-09 21:02:30,-33.9258,18.4232,59.38,85,6,5.99
1,Airai,TL,2022-07-09 21:01:52,-8.9266,125.4092,56.05,94,76,3.91
2,Torbay,CA,2022-07-09 21:04:01,47.6666,-52.7314,66.27,83,94,4.0
3,Christchurch,NZ,2022-07-09 20:59:26,-43.5333,172.6333,39.42,81,100,3.44
4,Mbanza-Ngungu,CD,2022-07-09 21:04:02,-5.25,14.8667,69.57,61,54,4.41
5,Nikolskoye,RU,2022-07-09 21:04:02,59.7035,30.7861,60.8,97,82,4.18
6,Butaritari,KI,2022-07-09 21:04:02,3.0707,172.7902,81.52,79,44,12.55
7,Soyo,AO,2022-07-09 21:04:03,-6.1349,12.3689,70.16,89,94,8.5
8,Puerto Ayora,EC,2022-07-09 21:04:03,-0.7393,-90.3518,72.55,89,83,7.0
9,Thompson,CA,2022-07-09 21:00:16,55.7435,-97.8558,82.72,47,100,9.86
10,Port Lincoln,AU,2022-07-09 21:01:53,-34.7333,135.8667,48.54,80,33,13.76
11,Hilo,US,2022-07-09 21:04:04,19.7297,-155.09,80.62,81,81,1.01
12,Akyab,MM,2022-07-09 21:04:04,20.15,92.9,80.24,86,91,10.31
13,Zambezi,ZM,2022-07-09 21:04:04,-13.5432,23.1047,56.59,47,1,4.36
14,Burnie,AU,2022-07-09 21:04:05,-41.0667,145.9167,40.95,76,5,7.94
15,Avarua,CK,2022-07-09 21:04:05,-21.2078,-159.775,75.25,60,79,14.97
16,Yellowknife,CA,2022-07-09 21:04:05,62.456,-114.3525,69.57,68,81,8.01
17,Hobart,AU,2022-07-09 21:00:42,-42.8794,147.3294,44.46,90,75,5.75
18,Makushino,RU,2022-07-09 21:04:06,55.2103,67.2442,64.71,74,96,4.68
19,Busselton,AU,2022-07-09 21:04:06,-33.65,115.3333,56.73,56,95,19.01
20,Ushuaia,AR,2022-07-09 21:04:06,-54.8,-68.3,29.86,86,75,9.22
21,Okhotsk,RU,2022-07-09 21:04:07,59.3833,143.3,62.91,69,80,3.29
22,Bethel,US,2022-07-09 21:04:07,41.3712,-73.414,86.02,37,0,10.36
23,Mataura,NZ,2022-07-09 21:04:07,-46.1927,168.8643,35.47,90,49,1.95
24,Dikson,RU,2022-07-09 21:04:08,73.5069,80.5464,32.05,94,91,6.49
25,New Norfolk,AU,2022-07-09 21:04:08,-42.7826,147.0587,44.1,87,13,2.51
26,Darnah,LY,2022-07-09 21:04:08,32.767,22.6367,77.99,75,2,19.95
27,Huarmey,PE,2022-07-09 21:04:09,-10.0681,-78.1522,67.05,74,8,10.09
28,Clyde River,CA,2022-07-09 21:04:09,70.4692,-68.5914,47.12,65,36,2.93
29,Bambous Virieux,MU,2022-07-09 21:04:09,-20.3428,57.7575,66.22,68,40,20.54
30,Knysna,ZA,2022-07-09 21:04:10,-34.0363,23.0471,60.22,78,41,1.16
31,Istok,XK,2022-07-09 21:04:10,42.7808,20.4875,56.73,82,45,6.08
32,Port Alfred,ZA,2022-07-09 21:02:08,-33.5906,26.891,68.81,35,0,12.62
33,Hambantota,LK,2022-07-09 21:04:10,6.1241,81.1185,80.53,76,100,20.96
34,Freeport,US,2022-07-09 21:04:11,40.6576,-73.5832,86.18,51,0,11.5
35,Barrow,US,2022-07-09 21:01:02,71.2906,-156.7887,57.22,72,75,13.8
36,Bluff,NZ,2022-07-09 21:00:46,-46.6,168.3333,35.8,74,49,3.98
37,Rikitea,PF,2022-07-09 21:04:11,-23.1203,-134.9692,74.71,78,59,13.94
38,Waipawa,NZ,2022-07-09 21:04:12,-41.4122,175.5153,43.84,67,100,9.66
39,Vestmannaeyjar,IS,2022-07-09 21:04:12,63.4427,-20.2734,52.2,97,100,17.56
40,Kapaa,US,2022-07-09 21:04:12,22.0752,-159.319,80.92,83,75,13.8
41,Atuona,PF,2022-07-09 21:04:13,-9.8,-139.0333,77.95,77,31,19.3
42,Shenjiamen,CN,2022-07-09 21:04:13,29.9576,122.298,77.0,94,96,7.09
43,Arman,RU,2022-07-09 21:04:14,59.7,150.1667,61.7,85,48,2.26
44,Havelock,US,2022-07-09 21:04:14,34.8791,-76.9013,88.05,86,99,7.0
45,Victoria,HK,2022-07-09 21:04:14,22.2855,114.1577,85.32,85,12,8.99
46,Berlevag,NO,2022-07-09 21:04:16,70.8578,29.0864,55.35,76,100,9.22
47,Qaanaaq,GL,2022-07-09 21:04:16,77.484,-69.3632,44.46,73,53,2.3
48,Yellandu,IN,2022-07-09 21:04:16,17.6,80.3333,73.2,92,100,14.38
49,Sabaudia,IT,2022-07-09 21:04:17,41.3003,13.0282,75.78,74,0,4.52
50,Sivas,TR,2022-07-09 21:00:47,39.7916,37.0019,64.87,63,0,5.1
51,Nerchinskiy Zavod,RU,2022-07-09 21:04:17,51.3088,119.61,51.75,94,99,4.74
52,Touho,NC,2022-07-09 21:04:18,-20.7833,165.2333,76.55,80,80,11.86
53,Saint-Joseph,RE,2022-07-09 21:04:18,-21.3667,55.6167,68.38,67,37,14.99
54,Beyneu,KZ,2022-07-09 21:04:18,45.3167,55.2,82.76,20,26,6.4
55,Kaitangata,NZ,2022-07-09 21:04:19,-46.2817,169.8464,35.47,83,57,4.52
56,Tuatapere,NZ,2022-07-09 21:04:19,-46.1333,167.6833,34.45,84,26,3.51
57,Georgetown,MY,2022-07-09 21:04:19,5.4112,100.3354,84.13,78,20,0.0
58,Codrington,AU,2022-07-09 21:00:20,-38.2667,141.9667,41.77,96,4,9.46
59,Hermanus,ZA,2022-07-09 21:04:20,-34.4187,19.2345,55.8,80,1,8.63
60,Puri,IN,2022-07-09 21:04:20,19.8,85.85,79.32,83,100,12.88
61,Monywa,MM,2022-07-09 21:04:21,22.1167,95.1333,84.34,69,72,10.36
62,Chokurdakh,RU,2022-07-09 21:04:21,70.6333,147.9167,52.88,45,34,6.33
63,Narsaq,GL,2022-07-09 21:03:12,60.9167,-46.05,53.82,85,25,5.14
64,Erzin,TR,2022-07-09 21:04:21,36.9559,36.2,72.64,90,1,2.42
65,Rocha,UY,2022-07-09 21:04:22,-34.4833,-54.3333,62.47,94,50,12.17
66,Tuktoyaktuk,CA,2022-07-09 21:04:22,69.4541,-133.0374,42.49,84,59,8.57
67,Punta Arenas,CL,2022-07-09 21:04:15,-53.15,-70.9167,32.11,69,10,13.76
68,Bredasdorp,ZA,2022-07-09 21:04:22,-34.5322,20.0403,52.27,75,0,6.73
69,Byron Bay,AU,2022-07-09 21:04:23,-28.65,153.6167,45.95,86,91,9.31
70,Ostersund,SE,2022-07-09 21:04:23,63.1792,14.6357,49.6,100,100,10.36
71,Hithadhoo,MV,2022-07-09 21:04:23,-0.6,73.0833,82.24,76,36,6.22
72,Dingle,PH,2022-07-09 21:04:24,10.9995,122.6711,76.32,91,89,9.84
73,Beatrice,US,2022-07-09 21:04:24,40.2681,-96.747,87.46,58,0,9.22
74,Vuktyl,RU,2022-07-09 21:04:24,63.8567,57.3094,63.36,56,63,3.44
75,Jamestown,US,2022-07-09 21:02:10,42.097,-79.2353,81.52,50,0,13.8
76,Moindou,NC,2022-07-09 21:04:25,-21.6924,165.677,76.03,79,13,7.94
77,Champerico,GT,2022-07-09 21:00:36,14.3,-91.9167,85.33,68,9,6.08
78,Boguchany,RU,2022-07-09 21:04:25,58.3814,97.4531,55.27,82,53,0.89
79,Vao,NC,2022-07-09 21:04:26,-22.6667,167.4833,76.3,77,31,13.58
80,San Mateo Del Mar,MX,2022-07-09 21:04:26,16.2,-95.0,89.28,59,0,23.17
81,Ancud,CL,2022-07-09 21:04:26,-41.8697,-73.8203,46.22,85,100,14.29
82,Ostrovnoy,RU,2022-07-09 21:04:27,68.0531,39.5131,45.21,94,92,1.66
83,Klaksvik,FO,2022-07-09 21:01:47,62.2266,-6.589,50.92,99,100,13.47
84,Saskylakh,RU,2022-07-09 21:04:27,71.9167,114.0833,50.13,74,100,7.85
85,Tura,IN,2022-07-09 21:01:53,25.5198,90.2201,74.53,95,41,4.45
86,Kruisfontein,ZA,2022-07-09 21:04:27,-34.0033,24.7314,62.89,73,2,14.67
87,Margherita,IN,2022-07-09 21:04:28,27.2833,95.6833,75.88,97,49,2.91
88,Tiksi,RU,2022-07-09 21:04:28,71.6872,128.8694,52.97,57,100,8.75
89,Yerbabuena,MX,2022-07-09 21:04:29,20.9667,-101.2667,82.13,27,23,10.25
90,Yumen,CN,2022-07-09 21:04:29,40.2833,97.2,73.4,19,44,5.35
91,Mana,GF,2022-07-09 21:04:29,5.6592,-53.7767,75.9,89,97,8.05
92,Bathsheba,BB,2022-07-09 21:01:08,13.2167,-59.5167,84.06,87,100,18.92
93,Cidreira,BR,2022-07-09 21:04:31,-30.1811,-50.2056,62.53,90,36,12.48
94,Pueblo Nuevo,MX,2022-07-09 21:04:31,23.3833,-105.3833,75.9,54,50,6.24
95,Alamos,MX,2022-07-09 21:00:00,27.0167,-108.9333,98.22,32,19,6.53
96,Port Augusta,AU,2022-07-09 21:04:32,-32.5,137.7667,38.97,80,2,3.62
97,Upernavik,GL,2022-07-09 21:04:32,72.7868,-56.1549,39.69,84,4,9.24
98,Ito,JP,2022-07-09 21:04:32,34.9667,139.0833,71.69,94,100,4.36
99,Mnogovershinnyy,RU,2022-07-09 21:04:33,53.9353,139.9242,71.64,71,26,2.8
100,Baglan,AF,2022-07-09 21:04:33,36.1307,68.7083,78.84,19,0,1.81
101,Castro,BR,2022-07-09 21:04:33,-24.7911,-50.0119,59.4,74,10,2.28
102,Lompoc,US,2022-07-09 21:04:34,34.6391,-120.4579,87.78,72,0,20.0
103,Albany,US,2022-07-09 21:02:33,42.6001,-73.9662,80.58,39,2,4.7
104,Sitka,US,2022-07-09 21:04:34,57.0531,-135.33,60.69,72,100,6.91
105,Kurumkan,RU,2022-07-09 21:04:34,54.3,110.3,56.12,81,61,3.56
106,Igarka,RU,2022-07-09 21:04:35,67.4667,86.5833,51.24,91,100,17.63
107,Padang,ID,2022-07-09 21:04:35,-0.9492,100.3543,76.42,87,58,3.22
108,Grand-Santi,GF,2022-07-09 21:04:35,4.25,-54.3833,74.08,96,100,2.13
109,Goderich,CA,2022-07-09 21:01:46,43.7501,-81.7165,63.91,59,4,13.62
110,Abomsa,ET,2022-07-09 21:04:36,9.9833,39.9833,72.12,65,100,4.09
111,Upata,VE,2022-07-09 21:04:36,8.0086,-62.3989,81.19,92,86,5.21
112,Lagos,NG,2022-07-09 21:02:10,6.5833,3.75,73.54,95,100,3.56
113,Road Town,VG,2022-07-09 21:04:37,18.4167,-64.6167,86.09,74,40,13.8
114,Novaya Igirma,RU,2022-07-09 21:04:37,57.1334,103.9112,54.18,94,97,2.73
115,Broken Hill,AU,2022-07-09 21:04:37,-31.95,141.4333,39.33,89,0,6.64
116,Lai,TD,2022-07-09 21:02:15,9.3952,16.2989,76.59,71,92,4.14
117,Gorontalo,ID,2022-07-09 21:04:38,0.5412,123.0595,74.28,95,65,0.87
118,Leh,IN,2022-07-09 21:04:38,34.1667,77.5833,60.98,59,83,4.72
119,Vaini,TO,2022-07-09 21:04:38,-21.2,-175.2,77.16,78,75,10.36
120,Lorengau,PG,2022-07-09 21:04:39,-2.0226,147.2712,81.61,80,95,11.61
121,Ribeira Grande,PT,2022-07-09 21:04:39,38.5167,-28.7,67.55,79,51,13.09
122,Savonlinna,FI,2022-07-09 21:04:39,61.8699,28.88,59.05,100,0,6.91
123,Adrar,MR,2022-07-09 21:04:40,20.5022,-10.0711,103.06,11,21,5.86
124,Havre-Saint-Pierre,CA,2022-07-09 21:00:34,50.2334,-63.5986,57.11,64,98,21.74
125,Xihe,CN,2022-07-09 21:04:40,31.6864,113.4659,80.31,87,9,8.7
126,Coquimbo,CL,2022-07-09 21:04:15,-29.9533,-71.3436,57.61,75,87,7.25
127,Lakatoro,VU,2022-07-09 21:04:41,-16.0999,167.4164,79.97,76,50,11.92
128,Anakapalle,IN,2022-07-09 21:04:41,17.6833,83.0167,80.55,88,90,11.18
129,Den Helder,NL,2022-07-09 21:00:30,52.9599,4.7593,60.98,70,100,9.22
130,Linjiang,CN,2022-07-09 21:04:15,41.8069,126.9078,64.51,97,100,1.5
131,Salinas,US,2022-07-09 21:01:19,36.6777,-121.6555,89.56,65,40,12.66
132,Hvide Sande,DK,2022-07-09 21:04:42,56.0045,8.1294,56.08,74,78,31.68
133,Oranjemund,NA,2022-07-09 20:59:42,-28.55,16.4333,56.97,81,0,22.35
134,Lucea,JM,2022-07-09 21:04:43,18.451,-78.1736,87.66,70,75,12.39
135,Miles City,US,2022-07-09 21:04:43,46.4083,-105.8406,90.57,37,0,5.75
136,Hamilton,US,2022-07-09 21:03:57,39.1834,-84.5333,84.15,75,40,3.44
137,Bengkulu,ID,2022-07-09 21:04:44,-3.8004,102.2655,74.12,87,9,3.87
138,Pamanukan,ID,2022-07-09 21:04:44,-6.2842,107.8106,71.28,80,16,4.43
139,Johnstown,US,2022-07-09 21:04:34,40.3267,-78.922,79.68,69,100,3.44
140,Bridlington,GB,2022-07-09 21:04:45,54.0831,-0.1919,61.9,80,19,7.72
141,Talipparamba,IN,2022-07-09 21:04:45,12.05,75.35,77.14,88,100,12.19
142,Bad Doberan,DE,2022-07-09 21:04:45,54.1071,11.9005,60.93,77,76,21.61
143,Dobson,US,2022-07-09 21:03:15,36.3957,-80.7226,80.28,96,100,0.0
144,Atambua,ID,2022-07-09 21:04:46,-9.1061,124.8925,69.44,86,99,5.7
145,Saldanha,ZA,2022-07-09 21:04:46,-33.0117,17.9442,55.62,93,8,16.6
146,Chapleau,CA,2022-07-09 21:04:46,47.8405,-83.4034,74.97,45,86,8.52
147,Kununurra,AU,2022-07-09 21:04:26,-15.7667,128.7333,60.78,41,33,6.91
148,Canutama,BR,2022-07-09 21:04:47,-6.5339,-64.3831,86.54,54,78,2.77
149,Provideniya,RU,2022-07-09 21:04:47,64.3833,-173.3,49.05,91,100,8.99
150,Marystown,CA,2022-07-09 21:04:48,47.1666,-55.1483,61.86,100,88,3.0
151,Port Hardy,CA,2022-07-09 21:04:48,50.6996,-127.4199,60.89,81,100,2.26
152,Pevek,RU,2022-07-09 21:04:48,69.7008,170.3133,32.32,97,100,14.09
153,Norman Wells,CA,2022-07-09 21:04:48,65.282,-126.8329,80.64,41,75,12.66
154,Saint George,US,2022-07-09 21:00:16,37.1041,-113.5841,107.64,10,0,10.36
155,Urusha,RU,2022-07-09 21:04:49,54.05,122.9,56.62,99,33,1.19
156,Merauke,ID,2022-07-09 21:04:49,-8.4667,140.3333,76.46,88,45,11.83
157,Pisco,PE,2022-07-09 21:04:50,-13.7,-76.2167,66.25,72,0,19.57
158,Jerantut,MY,2022-07-09 21:04:50,3.936,102.3626,73.49,91,100,1.57
159,Tiarei,PF,2022-07-09 21:04:50,-17.5333,-149.3333,82.42,72,62,19.24
160,Nome,US,2022-07-09 21:04:51,64.5011,-165.4064,72.1,59,0,19.57
161,Otradnoye,RU,2022-07-09 21:04:51,59.7775,30.8181,60.96,96,83,4.18
162,Cavaillon,FR,2022-07-09 21:04:51,43.8312,5.0359,83.59,28,0,21.85
163,Flin Flon,CA,2022-07-09 21:04:51,54.7682,-101.865,78.64,61,75,10.36
164,Khash,IR,2022-07-09 21:04:52,28.2211,61.2158,85.32,24,98,5.14
165,Altamont,US,2022-07-09 21:04:52,42.2068,-121.7372,83.79,30,40,6.91
166,Najran,SA,2022-07-09 21:04:52,17.4924,44.1277,79.61,32,100,18.45
167,Dubovskoye,RU,2022-07-09 21:04:53,47.4092,42.7575,74.68,31,0,8.93
168,North Bend,US,2022-07-09 21:04:53,43.4065,-124.2243,75.24,83,20,12.66
169,Soe,ID,2022-07-09 21:04:53,-9.8607,124.284,63.28,96,100,3.76
170,Mar Del Plata,AR,2022-07-09 21:00:19,-38.0023,-57.5575,55.09,93,100,8.01
171,Steamboat Springs,US,2022-07-09 21:02:54,40.485,-106.8317,91.35,19,0,10.36
172,Mackenzie,CA,2022-07-09 21:00:16,55.2999,-123.1698,68.36,37,84,12.86
173,Sur,OM,2022-07-09 21:04:54,22.5667,59.5289,83.75,80,100,11.63
174,Saint-Philippe,RE,2022-07-09 21:04:54,-21.3585,55.7679,69.39,66,63,14.43
175,Virden,US,2022-07-09 21:00:18,39.5009,-89.7679,84.09,66,72,12.35
176,Lebu,CL,2022-07-09 21:04:55,-37.6167,-73.65,48.07,91,100,10.07
177,Sychevka,RU,2022-07-09 21:04:55,55.8252,34.2736,58.15,95,79,7.27
178,Gigmoto,PH,2022-07-09 21:02:07,13.7796,124.39,79.79,85,100,2.93
179,Constantine,DZ,2022-07-09 21:04:56,36.365,6.6147,71.01,68,0,5.75
180,Kieta,PG,2022-07-09 21:00:36,-6.2167,155.6333,78.96,79,58,6.46
181,East London,ZA,2022-07-09 21:00:34,-33.0153,27.9116,69.22,31,0,9.62
182,Raudeberg,NO,2022-07-09 21:04:56,61.9875,5.1352,48.87,85,97,15.08
183,Caravelas,BR,2022-07-09 21:04:57,-17.7125,-39.2481,71.1,78,0,5.53
184,Katima Mulilo,NA,2022-07-09 21:04:58,-17.5,24.2667,56.91,53,1,5.21
185,Carutapera,BR,2022-07-09 21:04:58,-1.195,-46.02,75.52,92,21,6.58
186,Guerrero Negro,MX,2022-07-09 21:04:58,27.9769,-114.0611,78.03,56,14,18.3
187,Rundu,NA,2022-07-09 21:04:59,-17.9333,19.7667,56.19,44,0,3.76
188,Distraccion,CO,2022-07-09 21:04:59,10.8969,-72.8861,93.13,47,93,6.35
189,Chuy,UY,2022-07-09 21:04:59,-33.6971,-53.4616,60.4,93,69,10.65
190,Gat,IL,2022-07-09 21:04:04,31.61,34.7642,78.4,75,1,2.37
191,Edd,ER,2022-07-09 21:05:00,13.9297,41.6925,91.06,50,100,5.39
192,Grenaa,DK,2022-07-09 21:05:00,56.4158,10.8783,55.62,82,4,25.9
193,Wakefield,GB,2022-07-09 21:05:00,53.6809,-1.499,66.83,67,10,6.76
194,Brae,GB,2022-07-09 21:05:01,60.3964,-1.353,51.19,95,100,4.88
195,Dolinsk,RU,2022-07-09 21:05:01,47.35,142.8,64.62,80,90,5.21
196,Keflavik,IS,2022-07-09 21:05:01,64.0049,-22.5624,52.23,100,100,20.71
197,Coihaique,CL,2022-07-09 21:03:15,-45.5752,-72.0662,38.48,100,100,3.31
198,Tubmanburg,LR,2022-07-09 21:05:02,6.8708,-10.8172,72.84,98,100,2.64
199,Esperance,AU,2022-07-09 21:05:02,-33.8667,121.9,59.31,75,100,21.97
200,Geraldton,AU,2022-07-09 21:02:38,-28.7667,114.6,63.01,72,75,17.27
201,Arraial Do Cabo,BR,2022-07-09 21:05:03,-22.9661,-42.0278,71.46,88,40,10.36
202,Menongue,AO,2022-07-09 21:05:03,-14.6585,17.691,53.76,47,5,4.76
203,Touros,BR,2022-07-09 21:04:17,-5.1989,-35.4608,77.11,81,10,12.75
204,Douglas,US,2022-07-09 21:02:20,41.3,-96.167,88.59,60,75,11.5
205,Xining,CN,2022-07-09 21:00:48,36.6167,101.7667,58.93,84,84,3.22
206,Yucca Valley,US,2022-07-09 21:05:04,34.1142,-116.4322,100.13,5,9,13.0
207,Marawi,PH,2022-07-09 21:05:04,7.9986,124.2928,69.31,93,100,6.91
208,Semporna,MY,2022-07-09 21:05:05,4.4818,118.6112,79.86,82,100,6.67
209,Nyurba,RU,2022-07-09 21:05:05,63.2842,118.3319,56.5,69,100,4.27
210,Anadyr,RU,2022-07-09 21:05:05,64.75,177.4833,54.1,94,75,8.95
211,Whitehorse,CA,2022-07-09 21:01:17,60.7161,-135.0538,69.31,32,92,13.0
212,Wiarton,CA,2022-07-09 21:05:06,44.7407,-81.1332,71.04,47,4,6.22
213,Aklavik,CA,2022-07-09 21:05:06,68.2191,-135.0107,69.49,48,40,12.86
214,Souillac,MU,2022-07-09 21:05:07,-20.5167,57.5167,69.39,66,48,18.86
215,Severo-Kurilsk,RU,2022-07-09 21:05:07,50.6789,156.125,56.89,87,100,12.24
216,Lukovetskiy,RU,2022-07-09 21:05:07,64.2956,41.9211,58.82,68,88,3.98
217,Zyryanka,RU,2022-07-09 21:05:08,65.75,150.85,54.48,67,39,3.69
218,Richards Bay,ZA,2022-07-09 21:01:56,-28.783,32.0377,66.63,71,0,14.88
219,Teya,RU,2022-07-09 21:05:08,60.3778,92.6267,61.99,72,97,3.33
220,Itacoatiara,BR,2022-07-09 21:05:09,-3.1431,-58.4442,82.98,70,70,2.48
221,Rafai,CF,2022-07-09 21:05:09,4.95,23.9167,67.69,97,95,1.5
222,Naze,JP,2022-07-09 21:05:09,28.3667,129.4833,78.46,91,10,9.28
223,Boa Vista,BR,2022-07-09 21:05:10,2.8197,-60.6733,85.98,62,75,5.75
224,Isangel,VU,2022-07-09 21:05:10,-19.55,169.2667,78.26,75,10,11.56
225,Walvis Bay,NA,2022-07-09 21:05:10,-22.9575,14.5053,56.08,87,0,8.16
226,Deputatskiy,RU,2022-07-09 21:00:32,69.3,139.9,46.06,73,21,5.01
227,Paamiut,GL,2022-07-09 21:05:12,61.994,-49.6678,39.83,94,100,10.89
228,Belawan,ID,2022-07-09 21:05:12,3.7755,98.6832,79.09,83,100,5.48
229,Westport,US,2022-07-09 21:05:13,41.1415,-73.3579,87.28,49,0,8.05
230,Fortuna,US,2022-07-09 21:05:13,40.5982,-124.1573,71.92,69,0,8.99
231,Porbandar,IN,2022-07-09 21:05:13,21.6422,69.6093,82.06,83,100,21.43
232,Yerbogachen,RU,2022-07-09 21:03:04,61.2767,108.0108,52.41,76,7,3.06
233,Marienburg,PL,2022-07-09 21:05:14,54.0359,19.0266,57.88,82,7,8.52
234,Lata,PT,2022-07-09 21:05:14,40.1629,-8.3327,70.92,52,0,2.26
235,Esterhazy,CA,2022-07-09 21:05:14,50.65,-102.0843,82.83,60,4,12.64
236,North Battleford,CA,2022-07-09 21:01:17,52.7834,-108.2847,77.4,56,20,5.82
237,Mareeba,AU,2022-07-09 21:00:16,-17.0,145.4333,63.32,89,76,3.49
238,Kalabo,ZM,2022-07-09 21:05:15,-14.97,22.6814,57.7,43,4,4.23
239,Alenquer,BR,2022-07-09 21:05:15,-1.9417,-54.7383,83.08,64,93,3.4
240,Cockburn Town,TC,2022-07-09 21:05:16,21.4612,-71.1419,81.93,82,100,18.97
241,Varnavino,RU,2022-07-09 21:05:16,57.4035,45.0916,62.87,96,100,2.82
242,Mehamn,NO,2022-07-09 21:05:16,71.0357,27.8492,55.31,87,40,1.14
243,Taoudenni,ML,2022-07-09 21:05:17,22.6783,-3.9836,103.73,7,2,9.69
244,Japura,ID,2022-07-09 21:05:17,-0.3167,102.35,72.97,98,84,2.59
245,Ponta Do Sol,PT,2022-07-09 21:05:18,32.6667,-17.1,72.23,76,4,1.95
246,Ulaangom,MN,2022-07-09 21:05:18,49.9811,92.0667,62.83,49,100,3.6
247,Kaeo,NZ,2022-07-09 21:05:18,-35.1,173.7833,58.32,97,42,2.91
248,Carnarvon,AU,2022-07-09 21:05:19,-24.8667,113.6333,66.27,94,100,0.0
249,Grand Gaube,MU,2022-07-09 21:05:19,-20.0064,57.6608,66.38,72,63,7.0
250,Sibolga,ID,2022-07-09 21:05:19,1.7427,98.7792,76.15,82,100,2.68
251,Khatanga,RU,2022-07-09 21:03:00,71.9667,102.5,46.38,93,100,0.4
252,Kachug,RU,2022-07-09 21:05:20,53.9606,105.8817,48.76,94,80,3.67
253,Birin,NP,2022-07-09 21:05:20,26.8865,88.0718,64.58,87,50,3.4
254,Quatre Cocos,MU,2022-07-09 21:05:21,-20.2078,57.7625,66.09,70,50,20.8
255,Dutlwe,BW,2022-07-09 21:05:21,-23.9833,23.9,58.06,35,0,7.18
256,Polillo,PH,2022-07-09 21:05:21,14.7122,121.9392,78.82,86,91,2.8
257,Synya,RU,2022-07-09 21:05:22,65.3718,58.0387,60.64,57,96,1.81
258,Ino,JP,2022-07-09 21:05:22,33.55,133.4333,76.1,92,3,1.99
259,Port Elizabeth,ZA,2022-07-09 21:05:22,-33.918,25.5701,72.32,47,75,27.63
260,Cherskiy,RU,2022-07-09 21:05:22,68.75,161.3,39.0,79,100,13.33
261,Hirara,JP,2022-07-09 21:05:23,24.8,125.2833,84.34,76,59,14.92
262,Lahat,ID,2022-07-09 21:05:23,-3.8,103.5333,69.57,97,30,2.86
263,Abu Dhabi,AE,2022-07-09 21:05:24,24.4667,54.3667,93.31,72,0,5.75
264,Salvador,SV,2022-07-09 21:05:03,13.8333,-88.9167,88.05,54,15,2.21
265,North Platte,US,2022-07-09 21:05:24,41.1239,-100.7654,99.12,42,0,13.0
266,Sidney,AU,2022-07-09 21:00:34,-33.8679,151.2073,53.71,81,75,19.57
267,Qaqortoq,GL,2022-07-09 21:05:24,60.7167,-46.0333,44.01,89,20,3.33
268,Shu,KZ,2022-07-09 21:05:25,43.5983,73.7614,69.17,38,1,5.32
269,Kuytun,RU,2022-07-09 21:05:25,54.3419,101.5036,52.12,95,98,5.3
270,Aksu,CN,2022-07-09 21:05:25,41.1231,80.2644,77.43,34,100,4.32
271,Kiunga,PG,2022-07-09 21:05:26,-6.1219,141.2906,71.13,100,89,1.72
272,Mahebourg,MU,2022-07-09 21:05:27,-20.4081,57.7,66.25,68,38,20.24
273,Lavrentiya,RU,2022-07-09 21:05:27,65.5833,-171.0,51.28,78,100,10.29
274,Sitia,GR,2022-07-09 21:05:28,35.2,26.0986,77.99,81,12,14.43
275,Necochea,AR,2022-07-09 21:05:28,-38.5473,-58.7368,52.97,90,91,11.23
276,Eureka,US,2022-07-09 21:05:29,40.8021,-124.1637,79.66,74,26,8.01
277,Rijssen,NL,2022-07-09 21:05:29,52.308,6.5211,61.38,74,91,1.99
278,Praia,CV,2022-07-09 21:05:29,14.9215,-23.5087,75.74,73,40,11.5
279,Flinders,AU,2022-07-09 21:05:30,-34.5833,150.8552,54.18,87,99,5.99
280,Yulara,AU,2022-07-09 21:05:30,-25.2406,130.9889,40.69,67,0,7.18
281,Manta,EC,2022-07-09 21:05:30,-0.95,-80.7333,78.58,78,40,12.66
282,Turukhansk,RU,2022-07-09 21:05:31,65.8167,87.9833,55.53,92,52,12.17
283,Mulege,MX,2022-07-09 21:05:31,26.8833,-111.9833,96.08,41,82,10.63
284,Port Blair,IN,2022-07-09 21:05:31,11.6667,92.75,81.03,86,100,19.3
285,Longyearbyen,SJ,2022-07-09 21:05:32,78.2186,15.6401,42.64,75,75,18.41
286,Huntsville,US,2022-07-09 21:05:32,34.7304,-86.5861,96.6,62,0,5.01
287,Cruzeiro Do Oeste,BR,2022-07-09 21:01:44,-23.785,-53.0733,70.23,56,4,7.09
288,Olafsvik,IS,2022-07-09 21:03:12,64.8945,-23.7142,51.89,97,100,12.5
289,Garachine,PA,2022-07-09 21:05:32,8.0647,-78.3628,81.61,82,94,11.32
290,Te Anau,NZ,2022-07-09 21:05:28,-45.4167,167.7167,31.01,90,42,2.46
291,Inhambane,MZ,2022-07-09 21:05:33,-23.865,35.3833,66.81,74,0,8.23
292,Ketchikan,US,2022-07-09 21:05:33,55.3422,-131.6461,57.67,94,100,8.05
293,Constitucion,CL,2022-07-09 21:00:59,-35.3333,-72.4167,52.45,86,70,13.42
294,Pushkar,IN,2022-07-09 21:05:34,26.5,74.55,81.3,78,91,4.72
295,Kibungo,RW,2022-07-09 21:05:34,-2.1597,30.5427,70.72,47,82,2.28
296,Waingapu,ID,2022-07-09 21:05:34,-9.6567,120.2641,75.02,85,81,10.69
297,Hay River,CA,2022-07-09 21:05:35,60.8156,-115.7999,66.16,72,75,6.91
298,Sept-Iles,CA,2022-07-09 21:05:35,50.2001,-66.3821,66.06,51,98,8.01
299,Vila Velha,BR,2022-07-09 21:05:35,-20.3297,-40.2925,69.75,90,75,1.14
300,Victoriaville,CA,2022-07-09 21:05:36,46.0501,-71.9658,69.64,50,10,6.87
301,Cortez,US,2022-07-09 21:03:48,37.3489,-108.5859,95.76,14,0,12.66
302,Aguimes,ES,2022-07-09 21:05:36,27.9054,-15.4461,74.03,69,20,24.16
303,Ustrzyki Dolne,PL,2022-07-09 21:05:36,49.4304,22.5938,55.98,100,100,2.39
304,Coahuayana,MX,2022-07-09 21:01:46,18.7333,-103.6833,90.14,57,100,6.31
305,Terrace Bay,CA,2022-07-09 21:05:37,48.7834,-87.1,52.79,72,61,4.47
306,Kot Samaba,PK,2022-07-09 21:05:37,28.5522,70.4684,95.36,51,72,12.17
307,Evensk,RU,2022-07-09 21:05:37,61.95,159.2333,60.55,69,25,0.83
308,Novikovo,RU,2022-07-09 21:05:38,51.1537,37.8879,67.06,60,69,4.56
309,Plettenberg Bay,ZA,2022-07-09 21:05:38,-34.0527,23.3716,60.13,78,26,4.68
310,Southbridge,US,2022-07-09 21:05:28,42.0751,-72.0334,84.42,35,0,5.21
311,Marsa Matruh,EG,2022-07-09 21:05:39,31.3525,27.2453,77.7,83,1,13.31
312,Mackay,AU,2022-07-09 21:05:38,-21.15,149.2,46.69,67,0,11.07
313,Cantaura,VE,2022-07-09 21:05:39,9.3057,-64.3584,85.44,55,95,9.1
314,Harnosand,SE,2022-07-09 21:05:39,62.6323,17.9379,52.0,90,81,12.84
315,Warmbad,NA,2022-07-09 21:05:40,-28.45,18.7333,54.82,65,3,10.63
316,Darhan,MN,2022-07-09 21:05:40,49.4867,105.9228,55.45,81,31,2.3
317,Helena,US,2022-07-09 21:01:22,46.5927,-112.0361,89.26,43,0,1.99
318,Patan,NP,2022-07-09 21:01:29,27.6667,85.3333,70.18,94,75,3.44
319,Bintulu,MY,2022-07-09 21:05:42,3.1667,113.0333,74.88,87,98,2.75
320,Verkhneyarkeyevo,RU,2022-07-09 21:05:42,55.4505,54.3145,67.17,77,17,6.42
321,Baherden,TM,2022-07-09 21:05:42,38.4362,57.4316,80.31,20,0,1.57
322,Dyersburg,US,2022-07-09 21:01:10,36.0345,-89.3856,96.71,54,6,17.22
323,San Policarpo,PH,2022-07-09 21:04:27,12.1791,125.5072,77.14,87,99,5.35
324,Pacific Grove,US,2022-07-09 21:05:43,36.6177,-121.9166,82.24,80,40,10.36
325,Saint-Pierre,RE,2022-07-09 21:05:43,-21.3393,55.4781,69.48,60,20,19.57
326,Youkounkoun,GN,2022-07-09 21:05:44,12.5333,-13.1333,79.54,83,50,4.41
327,Leningradskiy,RU,2022-07-09 21:04:20,69.3833,178.4167,37.56,93,100,10.13
328,Bekobod,UZ,2022-07-09 21:05:44,40.2208,69.2697,74.89,29,1,5.39
329,Kariba,ZW,2022-07-09 21:05:44,-16.5167,28.8,61.52,57,2,4.9
330,Poum,NC,2022-07-09 21:05:45,-20.2333,164.0167,77.7,85,91,20.87
331,Alofi,NU,2022-07-09 21:05:45,-19.0595,-169.9187,76.95,76,96,23.09
332,Corinth,GR,2022-07-09 21:05:45,37.9407,22.9573,75.88,72,34,7.58
333,Vila Franca Do Campo,PT,2022-07-09 21:05:46,37.7167,-25.4333,69.19,82,24,8.43
334,Bayir,TR,2022-07-09 21:05:46,37.2687,28.2167,68.52,72,0,3.18
335,Broome,US,2022-07-09 21:05:46,42.2506,-75.833,79.45,42,0,11.5
336,Nicoya,CR,2022-07-09 21:05:47,10.1483,-85.452,83.61,77,99,2.75
337,Tasiilaq,GL,2022-07-09 21:05:47,65.6145,-37.6368,48.36,80,99,2.17
338,Putina,PE,2022-07-09 21:05:47,-15.4667,-69.4333,50.76,58,76,12.93
339,Teguise,ES,2022-07-09 21:05:48,29.0605,-13.564,79.02,57,0,20.71
340,Ballina,AU,2022-07-09 21:05:48,-28.8667,153.5667,46.02,91,57,8.37
341,Asau,RO,2022-07-09 21:05:48,46.4333,26.4,65.32,69,26,4.72
342,Jiaojiang,CN,2022-07-09 21:05:49,28.6803,121.4428,84.0,90,100,2.37
343,Muravlenko,RU,2022-07-09 21:05:49,63.7898,74.523,60.4,69,0,6.46
344,Seddon,AU,2022-07-09 21:05:49,-37.8068,144.8916,47.86,95,100,1.01
345,Osakarovka,KZ,2022-07-09 21:05:50,50.565,72.5692,57.63,92,94,5.23
346,Makasar,ID,2022-07-09 21:05:50,-5.14,119.4221,75.25,100,20,3.44
347,Roma,US,2022-07-09 21:05:50,43.2128,-75.4557,77.5,40,0,9.22
348,Liku,ID,2022-07-09 21:05:51,-0.7275,119.8922,74.05,94,100,4.18
349,Cheboksary,RU,2022-07-09 21:05:51,56.1322,47.2519,64.99,88,75,4.47
350,Safford,US,2022-07-09 21:05:51,32.834,-109.7076,101.32,19,0,0.0
351,Iskateley,RU,2022-07-09 21:05:52,67.6803,53.1512,51.19,88,11,6.82
352,Elko,US,2022-07-09 21:05:52,41.0002,-115.5012,91.74,11,13,14.0
353,Tahta,EG,2022-07-09 21:05:52,26.7693,31.5021,87.73,23,43,9.91
354,Salalah,OM,2022-07-09 21:05:52,17.0151,54.0924,77.09,100,100,10.36
355,Trelew,AR,2022-07-09 21:01:18,-43.249,-65.3051,54.9,33,99,10.38
356,Namibe,AO,2022-07-09 21:05:53,-15.1961,12.1522,62.89,83,0,5.59
357,Bonavista,CA,2022-07-09 21:05:53,48.6499,-53.1147,56.08,82,68,13.51
358,Kodiak,US,2022-07-09 21:05:54,57.79,-152.4072,54.91,82,100,14.97
359,Sobolevo,RU,2022-07-09 21:05:54,54.4299,31.8996,60.04,90,100,5.35
360,Alyangula,AU,2022-07-09 21:05:54,-13.8483,136.4192,69.22,62,8,16.4
361,Dicabisagan,PH,2022-07-09 21:05:55,17.0818,122.4157,78.46,89,74,3.69
362,Nanyang,CN,2022-07-09 21:05:55,32.9947,112.5328,81.05,89,3,3.2
363,Kyshtovka,RU,2022-07-09 21:05:55,56.555,76.6271,62.29,80,60,5.84
364,Mazatlan,MX,2022-07-09 21:03:07,23.2167,-106.4167,92.01,72,11,4.0
365,Tazovskiy,RU,2022-07-09 21:05:57,67.4667,78.7,43.59,94,4,9.13
366,Vaitape,PF,2022-07-09 21:05:57,-16.5167,-151.75,78.24,73,87,18.86
367,Sola,VU,2022-07-09 21:05:58,-13.8833,167.55,80.28,80,36,18.45
368,Puerto Castilla,HN,2022-07-09 21:05:58,16.0167,-85.9667,81.82,79,26,19.91
369,Nanortalik,GL,2022-07-09 21:05:58,60.1432,-45.2371,44.2,89,32,7.58
370,Drummondville,CA,2022-07-09 21:04:25,45.8834,-72.4824,71.04,55,4,7.96
371,Boo,SE,2022-07-09 21:05:59,59.3333,18.2833,59.59,67,100,5.75
372,Kuragino,RU,2022-07-09 21:05:59,53.8975,92.6725,53.06,88,57,3.58
373,San Cristobal,VE,2022-07-09 21:05:59,7.7669,-72.225,82.58,56,35,5.77
374,Lucapa,AO,2022-07-09 21:06:00,-8.4192,20.7447,67.46,32,7,1.88
375,Cap-Aux-Meules,CA,2022-07-09 21:06:00,47.3821,-61.8597,58.84,72,2,18.1
376,Ahipara,NZ,2022-07-09 21:06:00,-35.1667,173.1667,59.11,92,66,3.96
377,Kalmar,SE,2022-07-09 21:06:01,56.6616,16.3616,63.97,67,100,5.99
378,Margate,GB,2022-07-09 21:01:41,51.3813,1.3862,63.3,82,18,1.99
379,Novoseleznevo,RU,2022-07-09 21:06:01,55.6821,69.2056,62.64,81,55,5.99
380,Nanakuli,US,2022-07-09 21:02:59,21.3906,-158.1547,82.11,68,57,15.39
381,Petropavlovsk-Kamchatskiy,RU,2022-07-09 21:06:02,53.0452,158.6483,75.79,73,0,6.71
382,Maracana,BR,2022-07-09 21:06:02,-0.7667,-47.45,74.64,96,53,3.06
383,Kashi,CN,2022-07-09 21:06:02,39.4547,75.9797,77.77,27,68,9.89
384,Viedma,AR,2022-07-09 21:05:39,-40.8135,-62.9967,53.02,49,76,7.34
385,Vibo Valentia,IT,2022-07-09 21:06:03,38.6996,16.1274,70.39,73,0,6.29
386,Katsuura,JP,2022-07-09 21:06:03,35.1333,140.3,75.24,92,100,14.27
387,Havoysund,NO,2022-07-09 21:06:04,70.9963,24.6622,53.83,86,43,6.87
388,Olavarria,AR,2022-07-09 21:06:04,-36.8927,-60.3225,56.01,79,100,10.11
389,Myanaung,MM,2022-07-09 21:06:04,18.2833,95.3167,76.91,92,73,7.36
390,Sai Buri,TH,2022-07-09 21:06:05,6.7013,101.6168,77.23,85,100,5.97
391,Fare,PF,2022-07-09 21:06:05,-16.7,-151.0167,77.9,74,54,17.87
392,Altamira,BR,2022-07-09 21:06:05,-3.2033,-52.2064,82.56,64,63,2.71
393,Luderitz,NA,2022-07-09 21:06:06,-26.6481,15.1594,55.4,92,1,9.53
394,Amahai,ID,2022-07-09 21:04:27,-3.3333,128.9167,76.69,91,76,5.1
395,Macapa,BR,2022-07-09 21:05:41,0.0389,-51.0664,89.58,58,20,4.61
396,Kushmurun,KZ,2022-07-09 21:06:06,52.4503,64.6311,66.09,68,33,6.78
397,Jinchang,CN,2022-07-09 21:06:07,38.4953,102.1739,71.6,49,27,4.52
398,Haines Junction,CA,2022-07-09 21:06:07,60.7522,-137.5108,65.64,44,100,7.65
399,Camacha,PT,2022-07-09 21:06:07,33.0833,-16.3333,65.62,88,40,19.57
400,Ilheus,BR,2022-07-09 21:06:08,-14.7889,-39.0494,73.49,73,86,9.04
401,Tres Arroyos,AR,2022-07-09 21:06:08,-38.3739,-60.2798,55.56,83,32,9.33
402,Sabha,LY,2022-07-09 21:01:43,27.0377,14.4283,93.09,16,5,7.4
403,Laguna,US,2022-07-09 21:06:08,38.421,-121.4238,93.34,38,0,9.22
404,Watervliet,US,2022-07-09 21:06:09,42.7301,-73.7012,83.46,40,75,5.75
405,Nioro,GM,2022-07-09 21:06:09,13.35,-15.75,82.53,70,76,11.68
406,Hanna,CA,2022-07-09 21:06:09,51.6334,-111.9018,76.86,43,2,3.0
407,Shingu,JP,2022-07-09 21:06:10,33.7333,135.9833,75.92,92,89,1.36
408,Buraydah,SA,2022-07-09 21:06:10,26.326,43.975,88.66,10,95,9.42
409,Esna,EG,2022-07-09 21:06:11,25.2934,32.554,88.88,20,48,11.81
410,Calbuco,CL,2022-07-09 21:06:12,-41.768,-73.1273,45.61,89,100,12.77
411,Ayia Marina,GR,2022-07-09 21:06:12,37.75,23.5333,70.34,69,40,25.52
412,Nauta,PE,2022-07-09 21:06:12,-4.5061,-73.5757,81.63,80,54,2.37
413,Yertsevo,RU,2022-07-09 21:06:13,60.7966,40.086,57.2,76,99,4.16
414,College,US,2022-07-09 21:06:13,64.8569,-147.8028,69.75,60,75,4.61
415,Port-Cartier,CA,2022-07-09 21:06:13,50.0334,-66.8654,65.75,42,88,14.43
416,Nouadhibou,MR,2022-07-09 21:06:14,20.931,-17.0347,67.87,93,21,18.5
417,Bandarbeyla,SO,2022-07-09 21:06:14,9.4942,50.8122,77.65,70,38,31.7
418,Osorno,CL,2022-07-09 21:06:14,-40.5667,-73.15,46.71,93,100,4.61
419,Cabo San Lucas,MX,2022-07-09 21:06:15,22.8909,-109.9124,96.62,48,0,4.61
420,Acarau,BR,2022-07-09 21:06:15,-2.8856,-40.12,79.09,76,100,15.41
421,Ilebo,CD,2022-07-09 21:02:17,-4.3167,20.5833,72.28,39,4,1.61
422,Sovetskiy,RU,2022-07-09 21:06:16,61.3614,63.5842,66.25,71,41,2.3
423,Kamenka,RU,2022-07-09 21:06:16,51.3223,42.7678,67.35,66,79,9.44
424,Meulaboh,ID,2022-07-09 21:06:16,4.1363,96.1285,76.1,89,100,3.76
425,Kenora,CA,2022-07-09 21:03:46,49.8167,-94.4337,77.77,53,55,10.0
426,Ust-Koksa,RU,2022-07-09 21:06:17,50.2696,85.6108,51.51,85,100,0.56
427,Hami,CN,2022-07-09 21:03:10,42.8,93.45,81.66,17,91,15.9
428,Cosala,MX,2022-07-09 21:06:17,24.4125,-106.6908,96.28,40,28,5.57
429,Salta,AR,2022-07-09 21:06:18,-24.7859,-65.4117,79.57,28,54,4.0
430,Kavieng,PG,2022-07-09 21:06:18,-2.5744,150.7967,81.43,72,59,14.74
431,Poso,ID,2022-07-09 21:06:18,-1.3959,120.7524,74.95,93,100,2.86
432,Yar-Sale,RU,2022-07-09 21:06:19,66.8333,70.8333,54.27,74,2,7.29
433,Candido Mendes,BR,2022-07-09 21:06:19,-1.4467,-45.7167,75.24,95,42,3.74
434,Abatskoye,RU,2022-07-09 21:06:19,56.2875,70.4555,65.07,78,59,5.26
435,Mujiayingzi,CN,2022-07-09 21:06:20,42.1167,118.7833,68.86,50,71,5.91
436,Karratha,AU,2022-07-09 21:06:20,-20.7377,116.8463,61.57,32,1,5.64
437,Kuruman,ZA,2022-07-09 21:06:20,-27.4524,23.4325,54.0,48,0,8.93
438,Cisterna,BR,2022-07-09 21:06:21,-11.9287,-41.8553,63.37,88,90,6.31
439,Jalu,LY,2022-07-09 21:06:21,29.0331,21.5482,80.8,55,0,17.92
440,Chalan,CO,2022-07-09 21:06:21,9.5477,-75.3113,85.8,71,62,4.88
441,Olean,US,2022-07-09 21:06:22,42.0776,-78.4297,81.18,40,0,9.22
442,Ayame,CI,2022-07-09 21:06:22,5.6083,-3.1563,72.77,94,100,4.27
443,Kuito,AO,2022-07-09 21:06:22,-12.3833,16.9333,56.66,33,56,2.68
444,Fort Nelson,CA,2022-07-09 21:06:23,58.8053,-122.7002,62.19,82,75,13.8
445,Port Macquarie,AU,2022-07-09 21:06:23,-31.4333,152.9167,38.89,76,1,8.12
446,Snasa,NO,2022-07-09 21:06:23,64.2457,12.3778,49.84,95,99,4.65
447,Beckley,US,2022-07-09 21:02:54,37.7782,-81.1882,75.09,93,100,5.75
448,Rogers,US,2022-07-09 21:06:24,36.3668,-95.5836,95.94,45,40,6.91
449,Kutum,SD,2022-07-09 21:06:24,14.2,24.6667,81.97,36,89,5.1
450,Saint-Augustin,CA,2022-07-09 21:06:25,51.226,-58.6502,58.66,70,19,20.6
451,Luocheng,CN,2022-07-09 21:06:25,29.3848,104.0286,75.34,96,9,3.69
452,Ayorou,NE,2022-07-09 21:06:25,14.7308,0.9174,85.91,52,90,11.79
453,Sao Filipe,CV,2022-07-09 21:06:26,14.8961,-24.4956,74.21,84,36,7.87
454,Carman,CA,2022-07-09 21:06:26,49.4992,-98.0016,83.89,65,22,13.2
455,Alice Springs,AU,2022-07-09 21:02:37,-23.7,133.8833,27.95,93,0,5.75
456,Yurginskoye,RU,2022-07-09 21:04:18,56.8189,67.3921,61.65,81,16,0.6
457,Muros,ES,2022-07-09 21:04:13,42.7762,-9.0603,77.16,68,0,4.18
458,Kavaratti,IN,2022-07-09 21:03:07,10.5669,72.642,81.19,82,96,21.09
459,Ilo,PE,2022-07-09 21:06:28,-17.6394,-71.3375,63.46,72,100,8.05
460,Andenes,NO,2022-07-09 21:06:28,69.3143,16.1194,51.93,93,75,5.75
461,Lima,PE,2022-07-09 21:05:33,-12.0432,-77.0282,71.91,67,100,13.8
462,Lagoa,PT,2022-07-09 21:06:28,39.05,-27.9833,66.72,79,67,10.27
463,George Town,MY,2022-07-09 21:06:29,5.4112,100.3354,84.13,78,20,0.0
464,Xichang,CN,2022-07-09 21:06:29,27.8964,102.2634,65.08,91,18,0.6
465,Gandai,IN,2022-07-09 21:06:30,21.6667,81.1,81.68,77,100,5.01
466,San Quintin,MX,2022-07-09 21:06:30,30.4833,-115.95,75.13,64,25,18.88
467,Tottori,JP,2022-07-09 21:04:27,35.5,134.2333,75.45,93,26,1.88
468,Effium,NG,2022-07-09 21:06:30,6.6292,8.0593,72.97,97,100,8.95
469,Banka,IN,2022-07-09 21:06:31,24.8833,86.9167,84.4,72,10,9.71
470,Olsztyn,PL,2022-07-09 21:06:31,53.7799,20.4942,51.76,91,7,4.83
471,Winsum,NL,2022-07-09 21:06:31,53.33,6.5208,60.98,72,100,14.76
472,Watertown,US,2022-07-09 21:06:32,42.3709,-71.1828,85.86,45,0,8.05
473,Santiago Del Estero,AR,2022-07-09 21:01:40,-27.7951,-64.2615,84.38,34,2,6.31
474,Inuvik,CA,2022-07-09 21:06:32,68.3499,-133.7218,61.56,82,75,5.75
475,Odweyne,SO,2022-07-09 21:06:32,9.4092,45.064,70.54,54,100,20.65
476,Vardo,NO,2022-07-09 21:06:33,70.3705,31.1107,48.18,93,99,6.91
477,Zhuhai,CN,2022-07-09 21:06:33,22.2769,113.5678,83.98,94,40,5.75
478,Mitzic,GA,2022-07-09 21:02:16,0.7821,11.549,68.04,93,17,2.48
479,Inverell,AU,2022-07-09 21:06:33,-29.7833,151.1167,34.16,88,0,1.01
480,Ugoofaaru,MV,2022-07-09 21:06:34,5.6667,73.0,82.17,75,100,17.36
481,Trairi,BR,2022-07-09 21:02:41,-3.2778,-39.2689,78.03,78,100,11.16
482,Brokopondo,SR,2022-07-09 21:06:34,4.75,-55.1667,77.45,89,98,11.72
483,Traverse City,US,2022-07-09 21:05:18,44.7631,-85.6206,81.84,46,20,11.5
484,Kennett,US,2022-07-09 21:06:35,36.2362,-90.0556,96.8,51,20,9.22
485,Rio Gallegos,AR,2022-07-09 21:06:35,-51.6226,-69.2181,26.65,80,20,13.8
486,Grao Mogol,BR,2022-07-09 21:06:35,-16.5594,-42.8897,65.68,45,2,4.41
487,Naryan-Mar,RU,2022-07-09 21:06:36,67.6713,53.087,51.28,88,11,6.82
488,Abalak,RU,2022-07-09 21:06:36,58.1286,68.5944,63.12,73,39,3.62
489,Talnakh,RU,2022-07-09 21:06:36,69.4865,88.3972,47.75,92,100,19.77
490,Mimoso Do Sul,BR,2022-07-09 21:06:37,-21.0642,-41.3664,69.44,81,3,3.67
491,Roman,RO,2022-07-09 21:06:37,46.9167,26.9167,68.07,61,27,8.66
492,Comodoro Rivadavia,AR,2022-07-09 21:06:37,-45.8667,-67.5,46.87,67,100,3.04
493,Mount Gambier,AU,2022-07-09 21:06:37,-37.8333,140.7667,33.71,100,100,5.75
494,Sistranda,NO,2022-07-09 21:06:38,63.7256,8.834,51.76,87,91,16.91
495,Hualmay,PE,2022-07-09 21:06:38,-11.0964,-77.6139,65.97,73,22,11.39
496,Partsa,RU,2022-07-09 21:06:39,54.3653,42.8617,59.31,95,45,2.35
497,Victor Harbor,AU,2022-07-09 21:06:39,-35.5667,138.6167,42.67,80,1,7.99
498,Quelimane,MZ,2022-07-09 21:06:39,-17.8786,36.8883,64.18,88,0,3.8
499,Charters Towers,AU,2022-07-09 21:06:40,-20.1,146.2667,49.98,70,0,7.7
500,Husavik,IS,2022-07-09 21:06:40,66.0449,-17.3389,55.24,78,99,3.76
501,Harlingen,US,2022-07-09 21:06:39,26.1906,-97.6961,100.06,35,75,12.66
502,Mumford,GH,2022-07-09 21:06:41,5.2618,-0.759,76.15,87,99,8.7
503,Joshimath,IN,2022-07-09 21:04:17,30.5667,79.5667,70.66,99,100,2.3
504,Avera,US,2022-07-09 21:06:42,33.194,-82.5271,77.05,70,93,4.9
505,Lusambo,CD,2022-07-09 21:06:42,-4.9667,23.45,69.35,42,23,1.3
506,Nibe,DK,2022-07-09 21:06:43,56.9815,9.6392,57.16,77,34,11.5
507,Jijiga,ET,2022-07-09 21:06:43,9.35,42.8,60.03,82,99,14.85
508,La Ronge,CA,2022-07-09 21:06:43,55.1001,-105.2842,68.22,73,75,2.3
509,Itoman,JP,2022-07-09 21:06:44,26.1247,127.6694,84.58,94,20,6.91
510,Sayyan,YE,2022-07-09 21:06:44,15.1718,44.3244,60.3,63,100,5.84
511,Cuamba,MZ,2022-07-09 21:06:44,-14.8031,36.5372,60.31,59,43,2.59
512,Abonnema,NG,2022-07-09 21:06:45,4.7084,6.7931,75.24,90,100,5.17
513,Roald,NO,2022-07-09 21:06:45,62.5833,6.1333,54.16,93,75,13.8
514,Kokkola,FI,2022-07-09 21:06:45,63.8385,23.1307,61.93,95,100,3.44
515,Atherton,GB,2022-07-09 21:06:46,53.5237,-2.4935,61.48,84,0,8.01
516,Muncie,US,2022-07-09 21:06:46,40.1934,-85.3864,81.66,65,40,11.01
517,Jiutai,CN,2022-07-09 21:06:46,44.1525,125.8328,64.89,81,93,6.04
518,Bubaque,GW,2022-07-09 21:06:47,11.2833,-15.8333,80.65,83,78,12.24
519,Dandong,CN,2022-07-09 21:06:47,40.1292,124.3947,71.56,91,100,2.44
520,Mayo,US,2022-07-09 21:06:47,38.8876,-76.5119,73.4,92,100,9.22
521,Aquiraz,BR,2022-07-09 21:06:48,-3.9014,-38.3911,80.69,80,70,10.63
522,Rivers,CA,2022-07-09 21:06:48,50.0308,-100.2403,82.38,68,39,15.3
523,High Rock,BS,2022-07-09 21:06:48,26.6208,-78.2833,86.02,71,5,10.13
524,Oktyabrskiy,RU,2022-07-09 21:06:49,54.4815,53.471,65.35,76,41,3.42
525,Aqtobe,KZ,2022-07-09 21:05:47,50.2797,57.2072,62.69,88,0,2.24
526,Pangnirtung,CA,2022-07-09 21:06:49,66.1451,-65.7125,48.47,69,74,4.09
527,Jacareacanga,BR,2022-07-09 21:03:13,-6.2222,-57.7528,83.26,64,92,2.15
528,Iqaluit,CA,2022-07-09 21:06:50,63.7506,-68.5145,40.69,86,84,10.0
529,Waddan,LY,2022-07-09 21:06:50,29.1614,16.139,81.57,44,0,18.63
530,Kinna,SE,2022-07-09 21:06:50,57.5073,12.6946,61.45,87,7,2.51
531,Matara,LK,2022-07-09 21:06:50,5.9485,80.5353,79.9,81,98,15.03
532,Raipur,IN,2022-07-09 21:03:21,21.2333,81.6333,80.92,79,93,5.23
533,Ust-Shonosha,RU,2022-07-09 21:06:51,61.1531,41.343,57.29,75,85,3.2
534,Ilulissat,GL,2022-07-09 21:06:51,69.2167,-51.1,51.82,62,20,4.61
535,Gibsons,CA,2022-07-09 21:06:52,49.3997,-123.5027,74.08,65,94,3.67
536,Rodrigues Alves,BR,2022-07-09 21:06:52,-7.738,-72.6509,84.16,62,84,3.22
537,Santa Cruz,BO,2022-07-09 21:06:52,-17.8,-63.1667,86.05,51,40,18.41
538,Ko Samui,TH,2022-07-09 21:06:53,9.5357,99.9357,82.08,75,100,19.08
539,Moskovskiy,RU,2022-07-09 21:06:53,55.5991,37.355,68.18,74,75,6.71
540,Ercis,TR,2022-07-09 21:06:53,39.0287,43.3586,67.28,45,5,6.13
541,Columbus,US,2022-07-09 21:06:53,39.9612,-82.9988,84.54,60,75,11.5
542,Pecos,US,2022-07-09 21:06:53,31.4229,-103.4932,100.49,23,75,18.41
543,Batagay-Alyta,RU,2022-07-09 21:06:54,67.8006,130.4114,52.14,73,100,3.51
544,Lingao,CN,2022-07-09 21:06:54,19.9103,109.6859,79.16,91,30,6.82
545,Maracaibo,VE,2022-07-09 21:02:49,10.6317,-71.6406,90.07,54,85,9.82
546,Wattegama,LK,2022-07-09 21:06:55,6.7989,81.4808,78.49,68,100,5.06
547,Acapulco,MX,2022-07-09 21:06:55,16.8634,-99.8901,87.62,74,75,10.36
548,Vyartsilya,RU,2022-07-09 21:06:56,62.1764,30.693,61.61,100,96,7.27
549,Nishihara,JP,2022-07-09 21:06:57,26.1842,127.7558,83.86,94,20,11.5
550,Sarmakovo,RU,2022-07-09 21:06:57,43.7456,43.2003,64.71,72,29,6.53
551,Mosquera,CO,2022-07-09 21:04:23,4.7059,-74.2302,63.23,65,95,2.68
552,Save,BJ,2022-07-09 21:06:57,8.0425,2.486,70.0,98,86,3.69
553,Rognan,NO,2022-07-09 21:06:58,67.0953,15.3878,57.06,75,100,3.44
554,Moose Factory,CA,2022-07-09 21:06:58,51.2585,-80.6094,71.26,33,0,7.67
555,Hasaki,JP,2022-07-09 21:06:58,35.7333,140.8333,75.6,92,100,16.93
556,Les Cayes,HT,2022-07-09 21:06:59,18.2,-73.75,84.49,66,100,11.12
557,Les Cayes,HT,2022-07-09 21:06:59,18.2,-73.75,84.49,66,100,11.12
