City_ID,City,Lat,Lng,Max Temp,Humidity,Cloudiness,Wind Speed,Country,Date,Current Description
0,Banda Aceh,5.5577,95.3222,79.16,84,100,8.95,ID,2022-07-13 22:38:36,overcast clouds
1,Kaeo,-35.1,173.7833,56.32,97,100,7.65,NZ,2022-07-13 22:36:38,light rain
2,Saskylakh,71.9167,114.0833,48.31,57,99,10.76,RU,2022-07-13 22:38:36,overcast clouds
3,Tasiilaq,65.6145,-37.6368,39.36,79,17,4.59,GL,2022-07-13 22:38:36,few clouds
4,Bluff,-46.6,168.3333,43.81,77,97,10.22,NZ,2022-07-13 22:38:37,overcast clouds
5,Saint-Philippe,-21.3585,55.7679,65.79,80,27,10.27,RE,2022-07-13 22:35:24,light rain
6,Qaanaaq,77.484,-69.3632,38.73,96,100,6.4,GL,2022-07-13 22:38:37,light rain
7,Hithadhoo,-0.6,73.0833,83.03,73,92,13.58,MV,2022-07-13 22:38:38,overcast clouds
8,Cape Town,-33.9258,18.4232,57.88,93,100,16.11,ZA,2022-07-13 22:33:58,moderate rain
9,Provideniya,64.3833,-173.3,51.91,76,100,11.18,RU,2022-07-13 22:38:38,overcast clouds
10,Pampa,35.5362,-100.9599,99.57,28,0,14.97,US,2022-07-13 22:38:39,clear sky
11,Mayo,38.8876,-76.5119,90.18,64,0,10.36,US,2022-07-13 22:38:39,clear sky
12,Hermanus,-34.4187,19.2345,61.81,83,100,17.81,ZA,2022-07-13 22:34:05,overcast clouds
13,Yellowknife,62.456,-114.3525,68.52,60,75,9.22,CA,2022-07-13 22:34:01,broken clouds
14,Alofi,-19.0595,-169.9187,80.49,69,39,17.27,NU,2022-07-13 22:38:40,scattered clouds
15,Vaini,-21.2,-175.2,80.76,78,75,13.8,TO,2022-07-13 22:38:40,broken clouds
16,Butaritari,3.0707,172.7902,82.58,78,59,15.93,KI,2022-07-13 22:38:40,broken clouds
17,Bilibino,68.0546,166.4372,62.76,44,99,4.38,RU,2022-07-13 22:36:32,overcast clouds
18,Dikson,73.5069,80.5464,44.24,73,100,7.0,RU,2022-07-13 22:38:41,overcast clouds
19,Atkarsk,51.8718,45.0078,65.84,96,89,2.89,RU,2022-07-13 22:38:41,overcast clouds
20,Pevek,69.7008,170.3133,36.82,86,99,8.7,RU,2022-07-13 22:38:42,overcast clouds
21,Ambilobe,-13.2,49.05,66.83,79,9,3.69,MG,2022-07-13 22:38:42,clear sky
22,Goba,7.0167,39.9833,51.44,95,99,3.51,ET,2022-07-13 22:38:43,light rain
23,Mataura,-46.1927,168.8643,43.48,96,100,4.14,NZ,2022-07-13 22:38:43,overcast clouds
24,Beringovskiy,63.05,179.3167,50.38,85,83,8.01,RU,2022-07-13 22:38:43,broken clouds
25,Victoria,22.2855,114.1577,86.18,87,43,1.01,HK,2022-07-13 22:38:32,scattered clouds
26,Umm Lajj,25.0213,37.2685,83.86,75,90,8.39,SA,2022-07-13 22:38:44,overcast clouds
27,Sefophe,-22.1833,27.9667,57.52,46,6,4.43,BW,2022-07-13 22:38:44,clear sky
28,Tuktoyaktuk,69.4541,-133.0374,41.0,87,100,16.11,CA,2022-07-13 22:38:45,overcast clouds
29,Udachnyy,66.4167,112.4,53.46,76,74,12.44,RU,2022-07-13 22:38:45,broken clouds
30,Ilhabela,-23.7781,-45.3581,66.42,92,100,8.39,BR,2022-07-13 22:38:46,overcast clouds
31,Chokurdakh,70.6333,147.9167,49.26,56,48,10.87,RU,2022-07-13 22:38:46,scattered clouds
32,Nome,64.5011,-165.4064,65.16,77,0,9.22,US,2022-07-13 22:37:33,clear sky
33,Guerrero Negro,27.9769,-114.0611,73.38,62,21,18.25,MX,2022-07-13 22:38:47,few clouds
34,Bambous Virieux,-20.3428,57.7575,66.45,94,75,14.97,MU,2022-07-13 22:33:55,light rain
35,Cabo San Lucas,22.8909,-109.9124,95.61,45,0,5.75,MX,2022-07-13 22:38:40,clear sky
36,Sao Raimundo Das Mangabeiras,-7.0219,-45.4811,81.66,36,21,4.21,BR,2022-07-13 22:38:47,few clouds
37,Rikitea,-23.1203,-134.9692,72.3,80,92,11.41,PF,2022-07-13 22:38:48,light rain
38,Banepa,27.6298,85.5214,70.12,94,75,2.3,NP,2022-07-13 22:38:48,broken clouds
39,Korla,41.7597,86.1469,75.51,28,99,11.88,CN,2022-07-13 22:38:49,overcast clouds
40,Belaya Gora,68.5333,146.4167,55.9,66,60,8.21,RU,2022-07-13 22:38:49,broken clouds
41,Arraial Do Cabo,-22.9661,-42.0278,71.56,88,40,4.61,BR,2022-07-13 22:38:50,scattered clouds
42,Ankazoabo,-22.2833,44.5167,58.01,64,0,4.45,MG,2022-07-13 22:38:50,clear sky
43,Praxedis Guerrero,31.3667,-106.0167,96.26,20,25,10.47,MX,2022-07-13 22:38:50,scattered clouds
44,Ribeira Grande,38.5167,-28.7,73.8,73,40,5.75,PT,2022-07-13 22:38:52,scattered clouds
45,Praia Da Vitoria,38.7333,-27.0667,71.76,100,75,13.6,PT,2022-07-13 22:38:52,light intensity drizzle
46,New Norfolk,-42.7826,147.0587,40.71,86,80,2.86,AU,2022-07-13 22:38:53,broken clouds
47,Nanortalik,60.1432,-45.2371,44.91,81,100,1.81,GL,2022-07-13 22:38:53,overcast clouds
48,Muyezerskiy,63.9333,31.65,56.95,87,5,5.46,RU,2022-07-13 22:38:53,clear sky
49,Sinjhoro,26.0303,68.809,84.27,67,9,7.54,PK,2022-07-13 22:38:54,clear sky
50,Narsaq,60.9167,-46.05,55.62,74,100,2.71,GL,2022-07-13 22:38:54,overcast clouds
51,Ushuaia,-54.8,-68.3,35.26,64,75,2.3,AR,2022-07-13 22:37:11,broken clouds
52,Udomlya,57.8794,34.9925,56.17,85,76,3.94,RU,2022-07-13 22:38:55,broken clouds
53,Manitouwadge,49.1215,-85.8403,70.2,33,12,7.38,CA,2022-07-13 22:38:55,few clouds
54,Pervomayskoye,43.919,46.7102,75.99,54,0,7.94,RU,2022-07-13 22:38:56,clear sky
55,Jamestown,42.097,-79.2353,73.02,58,40,8.05,US,2022-07-13 22:38:56,scattered clouds
56,Cidreira,-30.1811,-50.2056,57.27,77,0,20.0,BR,2022-07-13 22:38:56,clear sky
57,Mildura,-34.2,142.15,43.99,76,0,4.43,AU,2022-07-13 22:38:57,clear sky
58,Kavieng,-2.5744,150.7967,82.26,75,100,5.75,PG,2022-07-13 22:35:16,overcast clouds
59,Busselton,-33.65,115.3333,59.74,90,47,16.08,AU,2022-07-13 22:38:57,light rain
60,Punta Arenas,-53.15,-70.9167,37.51,81,40,17.27,CL,2022-07-13 22:38:15,scattered clouds
61,Sao Joao Da Barra,-21.6403,-41.0511,69.66,94,22,9.55,BR,2022-07-13 22:38:58,few clouds
62,Atuona,-9.8,-139.0333,77.68,77,22,19.8,PF,2022-07-13 22:38:58,light rain
63,Rio Grande,-32.035,-52.0986,49.95,79,0,16.78,BR,2022-07-13 22:38:59,clear sky
64,Maumere,-8.6199,122.2111,74.93,82,99,8.63,ID,2022-07-13 22:38:59,overcast clouds
65,Baijiantan,45.6333,85.1833,74.89,25,3,4.18,CN,2022-07-13 22:39:00,clear sky
66,Kawalu,-7.3817,108.2082,71.19,98,95,1.07,ID,2022-07-13 22:39:00,overcast clouds
67,Ancud,-41.8697,-73.8203,41.23,85,89,8.28,CL,2022-07-13 22:39:00,light rain
68,Puerto Ayacucho,5.6639,-67.6236,77.07,88,94,2.95,VE,2022-07-13 22:39:01,overcast clouds
69,Hilo,19.7297,-155.09,79.29,94,75,11.99,US,2022-07-13 22:39:01,moderate rain
70,Airai,-8.9266,125.4092,55.29,82,49,3.89,TL,2022-07-13 22:39:02,scattered clouds
71,Aranos,-24.1333,19.1167,54.03,33,0,5.35,NA,2022-07-13 22:39:02,clear sky
72,Sandwick,60.0,-1.25,51.62,87,75,16.11,GB,2022-07-13 22:39:03,light rain
73,Kholodnyy,62.7167,147.95,72.86,52,32,2.13,RU,2022-07-13 22:39:03,scattered clouds
74,Kachiry,53.0675,76.1036,61.54,77,100,5.39,KZ,2022-07-13 22:39:04,overcast clouds
75,Mar Del Plata,-38.0023,-57.5575,54.95,65,0,11.01,AR,2022-07-13 22:39:04,clear sky
76,Nikolskoye,59.7035,30.7861,66.87,71,59,4.7,RU,2022-07-13 22:39:04,broken clouds
77,Georgetown,5.4112,100.3354,80.53,99,20,2.3,MY,2022-07-13 22:34:10,few clouds
78,Hamilton,39.1834,-84.5333,87.04,48,40,10.36,US,2022-07-13 22:39:05,scattered clouds
79,Zelenoborskiy,66.845,32.3622,57.0,99,100,3.78,RU,2022-07-13 22:39:05,overcast clouds
80,Synya,65.3718,58.0387,65.52,75,37,4.59,RU,2022-07-13 22:39:06,scattered clouds
81,Constitucion,-35.3333,-72.4167,47.86,93,100,11.72,CL,2022-07-13 22:37:46,overcast clouds
82,Upernavik,72.7868,-56.1549,41.4,87,21,12.62,GL,2022-07-13 22:39:06,few clouds
83,Labuhan,-6.8844,112.2051,76.14,89,100,4.38,ID,2022-07-13 22:39:07,overcast clouds
84,Verkhnetulomskiy,68.6073,31.7962,60.93,93,98,4.05,RU,2022-07-13 22:39:07,overcast clouds
85,Saldanha,-33.0117,17.9442,55.45,91,100,10.38,ZA,2022-07-13 22:35:37,overcast clouds
86,Olga,43.7444,135.2892,63.27,99,100,9.71,RU,2022-07-13 22:39:08,light rain
87,Deputatskiy,69.3,139.9,47.55,74,97,3.89,RU,2022-07-13 22:39:08,overcast clouds
88,The Valley,18.217,-63.0578,84.06,69,40,13.8,AI,2022-07-13 22:36:41,scattered clouds
89,Albany,42.6001,-73.9662,82.81,78,79,3.58,US,2022-07-13 22:38:31,broken clouds
90,Buraydah,26.326,43.975,91.85,13,100,8.28,SA,2022-07-13 22:39:10,overcast clouds
91,Rafraf,37.1904,10.1837,77.31,77,0,7.92,TN,2022-07-13 22:39:10,clear sky
92,Ostrovnoy,68.0531,39.5131,60.89,91,62,8.86,RU,2022-07-13 22:39:10,broken clouds
93,Mahibadhoo,3.7833,72.9667,82.6,75,94,12.35,MV,2022-07-13 22:39:11,overcast clouds
94,Leningradskiy,69.3833,178.4167,41.18,73,90,9.42,RU,2022-07-13 22:39:11,overcast clouds
95,Teguldet,57.3064,88.1667,51.13,75,100,3.29,RU,2022-07-13 22:39:12,overcast clouds
96,Mahebourg,-20.4081,57.7,66.49,94,75,14.97,MU,2022-07-13 22:39:12,broken clouds
97,Klaksvik,62.2266,-6.589,47.32,74,84,5.01,FO,2022-07-13 22:39:13,broken clouds
98,Horodnytsya,50.807,27.3168,56.68,96,12,10.76,UA,2022-07-13 22:39:13,few clouds
99,Meulaboh,4.1363,96.1285,76.21,90,81,6.73,ID,2022-07-13 22:39:13,broken clouds
100,Geraldton,-28.7667,114.6,59.41,88,75,10.36,AU,2022-07-13 22:39:14,broken clouds
101,Luderitz,-26.6481,15.1594,55.81,61,0,16.71,NA,2022-07-13 22:35:27,clear sky
102,Yambio,4.5721,28.3955,68.11,99,100,3.2,SS,2022-07-13 22:39:14,light rain
103,Marawi,7.9986,124.2928,71.37,89,21,1.48,PH,2022-07-13 22:39:15,few clouds
104,Bacalar,18.6667,-88.3833,86.11,70,100,20.71,MX,2022-07-13 22:39:15,overcast clouds
105,Krini,39.387,22.3509,65.32,45,0,4.18,GR,2022-07-13 22:39:16,clear sky
106,Thio,-21.6167,166.2167,69.76,79,93,7.47,NC,2022-07-13 22:39:16,overcast clouds
107,Kapaa,22.0752,-159.319,84.52,71,40,14.97,US,2022-07-13 22:39:16,scattered clouds
108,Muri,23.3667,85.8667,79.21,86,41,12.93,IN,2022-07-13 22:39:17,scattered clouds
109,Namibe,-15.1961,12.1522,62.74,90,10,2.82,AO,2022-07-13 22:39:17,clear sky
110,Huangchuan,32.1272,115.0394,84.85,81,70,7.61,CN,2022-07-13 22:39:18,broken clouds
111,Ponta Do Sol,32.6667,-17.1,71.01,77,12,3.87,PT,2022-07-13 22:39:18,few clouds
112,Xuddur,4.1213,43.8894,72.68,77,35,21.72,SO,2022-07-13 22:39:18,scattered clouds
113,Puerto Ayora,-0.7393,-90.3518,76.96,88,44,5.01,EC,2022-07-13 22:37:15,scattered clouds
114,Pimentel,-6.8367,-79.9342,66.49,72,0,21.85,PE,2022-07-13 22:39:19,clear sky
115,Ilulissat,69.2167,-51.1,48.22,71,75,4.61,GL,2022-07-13 22:39:19,broken clouds
116,Barrow,71.2906,-156.7887,42.82,61,100,13.8,US,2022-07-13 22:39:20,overcast clouds
117,Longyearbyen,78.2186,15.6401,51.64,82,75,19.57,SJ,2022-07-13 22:39:20,broken clouds
118,Iqaluit,63.7506,-68.5145,42.53,81,75,9.22,CA,2022-07-13 22:39:21,broken clouds
119,Nurota,40.5614,65.6886,75.74,31,0,7.36,UZ,2022-07-13 22:39:21,clear sky
120,Dingle,10.9995,122.6711,78.55,87,28,1.95,PH,2022-07-13 22:39:22,scattered clouds
121,Dali,25.7,100.1833,63.64,88,10,2.62,CN,2022-07-13 22:39:22,clear sky
122,Makakilo City,21.3469,-158.0858,86.32,61,75,23.02,US,2022-07-13 22:39:22,broken clouds
123,Lavrentiya,65.5833,-171.0,52.93,70,77,7.27,RU,2022-07-13 22:35:14,broken clouds
124,Srednekolymsk,67.45,153.6833,63.37,48,100,13.47,RU,2022-07-13 22:39:23,overcast clouds
125,Tazovskiy,67.4667,78.7,47.79,71,15,5.68,RU,2022-07-13 22:39:23,few clouds
126,Port Alfred,-33.5906,26.891,56.41,80,0,11.77,ZA,2022-07-13 22:39:24,clear sky
127,Porto Novo,6.4965,2.6036,76.82,88,100,6.87,BJ,2022-07-13 22:39:24,overcast clouds
128,Sur,22.5667,59.5289,90.43,62,98,3.83,OM,2022-07-13 22:39:25,overcast clouds
129,Carman,49.4992,-98.0016,81.52,63,8,6.58,CA,2022-07-13 22:39:25,clear sky
130,Ise,34.4833,136.7,79.92,77,99,1.03,JP,2022-07-13 22:39:25,overcast clouds
131,Sibolga,1.7427,98.7792,76.91,91,98,3.36,ID,2022-07-13 22:39:26,overcast clouds
132,Derzhavinsk,51.1,66.3167,68.32,70,0,8.75,KZ,2022-07-13 22:39:26,clear sky
133,Hobyo,5.3505,48.5268,78.19,79,59,26.93,SO,2022-07-13 22:39:27,broken clouds
134,Nishihara,26.1842,127.7558,83.48,84,75,6.91,JP,2022-07-13 22:39:28,broken clouds
135,Hervey Bay,-25.2986,152.8535,53.67,65,0,19.33,AU,2022-07-13 22:35:48,clear sky
136,Castro,-24.7911,-50.0119,53.17,96,98,9.24,BR,2022-07-13 22:39:28,overcast clouds
137,Thompson,55.7435,-97.8558,80.76,36,0,6.91,CA,2022-07-13 22:35:11,clear sky
138,Preobrazheniye,42.9019,133.9064,65.12,98,100,14.79,RU,2022-07-13 22:39:29,moderate rain
139,Lebu,-37.6167,-73.65,44.28,77,91,1.48,CL,2022-07-13 22:39:29,overcast clouds
140,Hengyang,26.8881,112.615,81.95,80,98,2.71,CN,2022-07-13 22:36:51,overcast clouds
141,Muros,42.7762,-9.0603,73.83,72,98,8.52,ES,2022-07-13 22:39:30,overcast clouds
142,East London,-33.0153,27.9116,58.71,75,0,7.38,ZA,2022-07-13 22:39:30,clear sky
143,Hobart,-42.8794,147.3294,41.05,88,75,8.05,AU,2022-07-13 22:39:31,broken clouds
144,Kavaratti,10.5669,72.642,81.36,80,100,22.26,IN,2022-07-13 22:39:31,overcast clouds
145,Geisenheim,49.9833,7.9667,79.02,66,85,4.38,DE,2022-07-13 22:39:31,overcast clouds
146,Kabwe,-14.4469,28.4464,58.95,65,79,5.99,ZM,2022-07-13 22:39:32,broken clouds
147,Bredasdorp,-34.5322,20.0403,59.31,73,100,18.57,ZA,2022-07-13 22:39:32,overcast clouds
148,Ketchikan,55.3422,-131.6461,55.87,94,100,12.66,US,2022-07-13 22:39:33,light rain
149,Khatanga,71.9667,102.5,43.74,83,100,8.88,RU,2022-07-13 22:39:33,overcast clouds
150,Preeceville,51.95,-102.6677,76.82,71,35,14.58,CA,2022-07-13 22:39:34,scattered clouds
151,Contamana,-7.3333,-75.0167,82.8,64,91,1.59,PE,2022-07-13 22:39:34,overcast clouds
152,Abu Samrah,35.3029,37.1841,73.78,64,0,8.9,SY,2022-07-13 22:39:34,clear sky
153,Wilmington Island,32.0036,-80.9737,85.98,67,100,8.21,US,2022-07-13 22:39:35,overcast clouds
154,Moche,-8.1711,-79.0092,62.78,82,69,11.5,PE,2022-07-13 22:39:35,mist
155,Torbay,47.6666,-52.7314,70.57,64,75,16.11,CA,2022-07-13 22:39:36,broken clouds
156,Olafsvik,64.8945,-23.7142,49.01,78,100,10.27,IS,2022-07-13 22:39:36,overcast clouds
157,Sept-Iles,50.2001,-66.3821,70.32,53,20,12.66,CA,2022-07-13 22:39:36,few clouds
158,Lerwick,60.1545,-1.1494,51.8,92,100,13.89,GB,2022-07-13 22:39:37,light rain
159,Ballina,-28.8667,153.5667,54.01,68,78,18.99,AU,2022-07-13 22:39:37,broken clouds
160,Manjeshwar,12.7194,74.8861,74.35,82,100,18.3,IN,2022-07-13 22:39:38,light rain
161,Bairiki,1.3292,172.9752,84.2,79,40,13.8,KI,2022-07-13 22:39:38,scattered clouds
162,Hay River,60.8156,-115.7999,62.58,72,75,11.5,CA,2022-07-13 22:39:39,heavy intensity rain
163,Tecolutla,20.4833,-97.0167,93.06,77,89,16.26,MX,2022-07-13 22:39:39,overcast clouds
164,Karratha,-20.7377,116.8463,62.55,51,32,11.45,AU,2022-07-13 22:39:40,scattered clouds
165,Baghmara,23.795,86.2085,80.08,81,35,13.49,IN,2022-07-13 22:39:40,scattered clouds
166,Severo-Kurilsk,50.6789,156.125,54.72,94,100,1.23,RU,2022-07-13 22:36:38,overcast clouds
167,Sunrise Manor,36.2111,-115.0731,112.73,13,0,11.5,US,2022-07-13 22:35:28,clear sky
168,Bengkulu,-3.8004,102.2655,75.79,90,97,3.04,ID,2022-07-13 22:39:41,overcast clouds
169,Broome,42.2506,-75.833,75.65,82,75,6.91,US,2022-07-13 22:39:41,light rain
170,Kiruna,67.8557,20.2251,56.32,82,100,3.44,SE,2022-07-13 22:39:41,overcast clouds
171,Chuy,-33.6971,-53.4616,45.14,86,3,8.68,UY,2022-07-13 22:39:42,clear sky
172,Ribeira Brava,32.65,-17.0667,71.01,80,10,3.94,PT,2022-07-13 22:39:42,clear sky
173,Arona,28.0996,-16.681,68.7,70,20,1.99,ES,2022-07-13 22:39:43,few clouds
174,Husavik,66.0449,-17.3389,48.56,69,54,5.35,IS,2022-07-13 22:39:08,broken clouds
175,Bonfim,3.0833,-59.95,78.39,84,100,5.59,BR,2022-07-13 22:39:43,overcast clouds
176,Carnarvon,-24.8667,113.6333,66.0,83,25,9.53,AU,2022-07-13 22:39:43,scattered clouds
177,Kamaishi,39.2667,141.8833,68.86,89,100,4.05,JP,2022-07-13 22:39:44,overcast clouds
178,Sabang,5.8933,95.3214,82.09,79,100,16.06,ID,2022-07-13 22:39:44,overcast clouds
179,Ozernovskiy,51.5,156.5167,52.77,98,100,4.27,RU,2022-07-13 22:39:45,overcast clouds
180,Abu Zabad,12.35,29.25,77.99,71,100,7.96,SD,2022-07-13 22:39:45,overcast clouds
181,Petropavlovsk-Kamchatskiy,53.0452,158.6483,63.19,77,75,2.24,RU,2022-07-13 22:39:47,volcanic ash
182,Lichtenburg,-26.152,26.1597,51.71,42,0,5.37,ZA,2022-07-13 22:39:47,clear sky
183,Were Ilu,10.6,39.4333,54.93,83,100,1.54,ET,2022-07-13 22:39:47,overcast clouds
184,Mwingi,-0.9344,38.0601,65.3,66,85,6.29,KE,2022-07-13 22:39:48,overcast clouds
185,Bairnsdale,-37.8333,147.6167,43.05,89,21,5.91,AU,2022-07-13 22:39:48,few clouds
186,Rundu,-17.9333,19.7667,53.56,45,0,5.46,NA,2022-07-13 22:39:49,clear sky
187,Ganzhou,28.8184,115.4327,83.39,77,100,3.36,CN,2022-07-13 22:39:49,overcast clouds
188,Riachao,-7.3619,-46.6172,79.74,39,50,3.33,BR,2022-07-13 22:39:50,scattered clouds
189,Fare,-16.7,-151.0167,77.72,72,28,18.21,PF,2022-07-13 22:38:59,light rain
190,Zhezkazgan,47.8043,67.7144,72.3,44,1,8.37,KZ,2022-07-13 22:39:50,clear sky
191,Oistins,13.0667,-59.5333,82.49,69,40,19.57,BB,2022-07-13 22:39:50,scattered clouds
192,Ulladulla,-35.35,150.4667,52.7,65,72,17.94,AU,2022-07-13 22:39:51,broken clouds
193,Hasaki,35.7333,140.8333,73.8,87,96,13.44,JP,2022-07-13 22:36:35,overcast clouds
194,Gunnedah,-30.9833,150.25,46.98,64,6,7.02,AU,2022-07-13 22:39:51,clear sky
195,Kununurra,-15.7667,128.7333,55.38,30,5,9.22,AU,2022-07-13 22:39:52,clear sky
196,Shimoda,34.6667,138.95,73.11,90,100,11.23,JP,2022-07-13 22:39:52,overcast clouds
197,Luanda,-8.8368,13.2343,67.41,94,16,6.8,AO,2022-07-13 22:39:53,few clouds
198,Port Pirie,-33.1833,138.0167,46.8,73,0,3.02,AU,2022-07-13 22:39:53,clear sky
199,Dashitou,43.3067,128.5114,61.61,98,100,6.13,CN,2022-07-13 22:39:53,overcast clouds
200,Laurel,39.0993,-76.8483,90.88,56,75,6.91,US,2022-07-13 22:35:17,broken clouds
201,Flinders,-34.5833,150.8552,53.19,72,84,15.01,AU,2022-07-13 22:39:54,broken clouds
202,Urusha,54.05,122.9,63.86,94,100,4.03,RU,2022-07-13 22:39:54,overcast clouds
203,Prince Rupert,54.3161,-130.3201,55.49,88,100,23.02,CA,2022-07-13 22:39:46,overcast clouds
204,Norman Wells,65.282,-126.8329,55.44,88,100,8.05,CA,2022-07-13 22:39:55,light intensity shower rain
205,Erenhot,43.6475,111.9767,69.69,43,60,5.28,CN,2022-07-13 22:39:55,broken clouds
206,Moyale,3.5167,39.0584,66.76,71,74,12.73,KE,2022-07-13 22:39:56,broken clouds
207,Abu Dhabi,24.4667,54.3667,98.71,57,0,4.61,AE,2022-07-13 22:39:56,clear sky
208,Kaitangata,-46.2817,169.8464,44.13,88,100,8.43,NZ,2022-07-13 22:39:56,overcast clouds
209,Qaqortoq,60.7167,-46.0333,44.85,79,100,4.99,GL,2022-07-13 22:39:57,overcast clouds
210,Nizhnyaya Salda,58.0776,60.7202,68.0,82,97,2.93,RU,2022-07-13 22:39:57,overcast clouds
211,Bukama,-9.2,25.85,70.14,47,2,2.82,CD,2022-07-13 22:39:58,clear sky
212,Soltsy,58.1239,30.3238,55.09,85,55,4.59,RU,2022-07-13 22:39:58,broken clouds
213,Olivet,47.8622,1.8991,77.18,50,0,8.05,FR,2022-07-13 22:39:58,clear sky
214,Bilma,18.6853,12.9164,90.3,17,14,2.57,NE,2022-07-13 22:39:59,few clouds
215,Banposh,22.25,84.8,79.05,88,39,8.88,IN,2022-07-13 22:39:59,scattered clouds
216,Svetlaya,46.5389,138.3297,62.47,99,100,5.01,RU,2022-07-13 22:40:00,overcast clouds
217,Northam,51.0333,-4.2167,60.62,76,93,12.93,GB,2022-07-13 22:40:00,overcast clouds
218,Cheremukhovo,60.3484,59.9851,64.92,80,68,3.22,RU,2022-07-13 22:40:01,broken clouds
219,Port Lincoln,-34.7333,135.8667,51.26,76,3,5.48,AU,2022-07-13 22:40:01,clear sky
220,Isangel,-19.55,169.2667,82.51,78,40,4.61,VU,2022-07-13 22:40:01,scattered clouds
221,Ekpoma,6.7421,6.139,70.47,97,100,4.79,NG,2022-07-13 22:40:02,light rain
222,San Patricio,28.017,-97.5169,96.19,41,15,17.56,US,2022-07-13 22:40:02,few clouds
223,Komsomolskiy,40.4272,71.7189,70.52,56,0,2.3,UZ,2022-07-13 22:39:10,clear sky
224,Port Elizabeth,-33.918,25.5701,61.09,62,0,17.27,ZA,2022-07-13 22:35:21,clear sky
225,Saint-Francois,46.4154,3.9054,69.24,73,0,2.3,FR,2022-07-13 22:40:03,clear sky
226,Kano,12.0001,8.5167,78.69,73,20,12.66,NG,2022-07-13 22:40:04,few clouds
227,Anahuac,27.2333,-100.15,105.13,19,7,11.92,MX,2022-07-13 22:40:04,clear sky
228,Sao Miguel Do Guama,-1.6267,-47.4833,74.14,96,98,4.16,BR,2022-07-13 22:40:05,light rain
229,Disna,55.568,28.1971,51.51,93,26,0.63,BY,2022-07-13 22:40:06,scattered clouds
230,Port Blair,11.6667,92.75,82.44,78,75,11.5,IN,2022-07-13 22:40:07,drizzle
231,Kabansk,52.0486,106.6528,58.01,86,59,2.48,RU,2022-07-13 22:40:07,broken clouds
232,Nanzhang,31.7765,111.8386,83.14,89,100,1.9,CN,2022-07-13 22:39:01,overcast clouds
233,Ahipara,-35.1667,173.1667,55.42,96,100,5.41,NZ,2022-07-13 22:40:07,light rain
234,Krasnyy Chikoy,50.3643,108.7512,60.31,73,79,3.11,RU,2022-07-13 22:40:08,broken clouds
235,Yumen,40.2833,97.2,70.38,36,64,4.88,CN,2022-07-13 22:40:08,broken clouds
236,Tautira,-17.7333,-149.15,76.66,73,49,16.69,PF,2022-07-13 22:40:09,scattered clouds
237,Ilongero,-4.6667,34.8667,55.96,67,44,9.95,TZ,2022-07-13 22:40:09,scattered clouds
238,Suluq,31.6682,20.2521,75.88,65,0,13.98,LY,2022-07-13 22:40:09,clear sky
239,Nuuk,64.1835,-51.7216,54.21,66,20,5.75,GL,2022-07-13 22:40:10,few clouds
240,Araguaina,-7.1911,-48.2072,80.98,38,45,3.42,BR,2022-07-13 22:39:43,scattered clouds
241,Marathon,44.9,-89.7668,78.33,51,20,6.91,US,2022-07-13 22:36:27,few clouds
242,Kodiak,57.79,-152.4072,60.31,67,100,8.05,US,2022-07-13 22:35:29,overcast clouds
243,Farrukhnagar,17.0778,78.2011,69.51,93,100,22.28,IN,2022-07-13 22:40:11,overcast clouds
244,Greeneville,36.1632,-82.831,83.91,77,40,3.44,US,2022-07-13 22:38:20,scattered clouds
245,Lashio,22.9333,97.75,68.31,99,31,1.07,MM,2022-07-13 22:40:12,scattered clouds
246,Vila,42.0304,-8.1588,76.08,67,100,4.99,PT,2022-07-13 22:40:12,overcast clouds
247,Puerto Madero,14.7208,-92.4215,84.56,70,46,4.36,MX,2022-07-13 22:40:12,scattered clouds
248,Rosario Do Sul,-30.2583,-54.9142,48.79,88,0,10.78,BR,2022-07-13 22:40:13,clear sky
249,Cockburn Town,21.4612,-71.1419,85.96,62,40,16.11,TC,2022-07-13 22:40:13,scattered clouds
250,Ambon,-3.6954,128.1814,75.34,94,75,3.44,ID,2022-07-13 22:40:13,moderate rain
251,Sitka,57.0531,-135.33,57.09,82,100,8.05,US,2022-07-13 22:40:14,light rain
252,Tommot,58.9564,126.2925,66.83,86,100,1.28,RU,2022-07-13 22:40:14,overcast clouds
253,Kaele,10.1092,14.4508,74.41,78,100,6.24,CM,2022-07-13 22:40:15,overcast clouds
254,Sisimiut,66.9395,-53.6735,45.72,82,64,7.07,GL,2022-07-13 22:37:21,broken clouds
255,Lagoa,39.05,-27.9833,68.36,93,73,13.44,PT,2022-07-13 22:40:15,broken clouds
256,Minot,48.2325,-101.2963,84.42,39,0,12.66,US,2022-07-13 22:40:16,clear sky
257,Kindu,-2.95,25.95,75.36,62,79,2.01,CD,2022-07-13 22:40:16,broken clouds
258,Te Anau,-45.4167,167.7167,41.52,93,92,1.1,NZ,2022-07-13 22:38:38,overcast clouds
259,Poronaysk,49.2167,143.1167,58.1,89,100,5.99,RU,2022-07-13 22:40:17,overcast clouds
260,Bud,39.447,-86.1758,89.58,62,2,7.78,US,2022-07-13 22:40:17,clear sky
261,Hualmay,-11.0964,-77.6139,62.33,80,16,12.33,PE,2022-07-13 22:40:18,few clouds
262,Leshukonskoye,64.8989,45.7622,64.11,84,75,4.88,RU,2022-07-13 22:40:18,broken clouds
263,Verkh-Suetka,53.3,80.05,53.65,77,86,5.64,RU,2022-07-13 22:40:18,overcast clouds
264,Narasannapeta,18.4167,84.05,77.16,82,99,7.65,IN,2022-07-13 22:40:19,overcast clouds
265,Molina,-35.1167,-71.2833,49.37,100,100,8.05,CL,2022-07-13 22:40:19,mist
266,Okha,53.5739,142.9478,58.69,85,73,12.59,RU,2022-07-13 22:40:20,broken clouds
267,Santiago Del Estero,-27.7951,-64.2615,61.65,44,0,8.19,AR,2022-07-13 22:40:20,clear sky
268,Port Macquarie,-31.4333,152.9167,52.61,82,62,18.84,AU,2022-07-13 22:40:20,light rain
269,Harper,4.375,-7.7169,75.94,81,100,10.92,LR,2022-07-13 22:40:21,overcast clouds
270,Sittingbourne,51.3413,0.7328,66.43,82,100,7.2,GB,2022-07-13 22:38:27,overcast clouds
271,Hofn,64.2539,-15.2082,50.72,83,46,8.28,IS,2022-07-13 22:40:21,scattered clouds
272,Hailar,49.2,119.7,62.15,93,100,5.61,CN,2022-07-13 22:40:22,overcast clouds
273,Changqing,36.5575,116.7272,79.27,78,5,2.48,CN,2022-07-13 22:40:22,clear sky
274,Biak,-0.9131,122.8766,75.27,90,99,5.82,ID,2022-07-13 22:40:22,overcast clouds
275,Altay,47.8667,88.1167,56.03,64,3,2.8,CN,2022-07-13 22:40:24,clear sky
276,Bethel,41.3712,-73.414,87.89,50,0,6.91,US,2022-07-13 22:40:24,clear sky
277,Paita,-5.0892,-81.1144,65.25,79,30,17.67,PE,2022-07-13 22:40:25,scattered clouds
278,Reidsville,36.3549,-79.6645,74.32,100,75,3.44,US,2022-07-13 22:36:56,broken clouds
279,Bathsheba,13.2167,-59.5167,83.01,82,40,19.57,BB,2022-07-13 22:40:25,scattered clouds
280,Ternate,0.8,127.4,79.92,82,97,3.96,ID,2022-07-13 22:40:26,overcast clouds
281,Cherskiy,68.75,161.3,52.27,48,74,18.75,RU,2022-07-13 22:40:26,broken clouds
282,Presidente Medici,-11.1753,-61.9014,79.43,41,63,1.43,BR,2022-07-13 22:40:26,broken clouds
283,Najran,17.4924,44.1277,74.05,33,100,1.25,SA,2022-07-13 22:40:27,overcast clouds
284,Bozdar,27.1828,68.636,90.48,61,11,11.03,PK,2022-07-13 22:40:27,few clouds
285,Kruisfontein,-34.0033,24.7314,52.88,61,0,9.28,ZA,2022-07-13 22:40:28,clear sky
286,Hambantota,6.1241,81.1185,78.78,80,50,19.57,LK,2022-07-13 22:39:19,scattered clouds
287,Seoul,37.5683,126.9778,74.59,100,75,5.75,KR,2022-07-13 22:36:16,mist
288,Maceio,-9.6658,-35.7353,74.64,83,75,3.44,BR,2022-07-13 22:40:29,broken clouds
289,Avarua,-21.2078,-159.775,75.25,64,75,14.97,CK,2022-07-13 22:40:29,broken clouds
290,Codrington,-38.2667,141.9667,46.85,87,42,5.5,AU,2022-07-13 22:40:29,scattered clouds
291,Malakal,9.5334,31.6605,73.54,87,80,4.34,SS,2022-07-13 22:40:30,light rain
292,Tanete,-3.9443,119.7848,74.7,95,93,4.38,ID,2022-07-13 22:40:30,overcast clouds
293,Araouane,18.9048,-3.5265,98.35,24,56,4.76,ML,2022-07-13 22:40:31,broken clouds
294,Lakes Entrance,-37.8811,147.981,43.16,86,65,10.18,AU,2022-07-13 22:39:32,broken clouds
295,Vila Franca Do Campo,37.7167,-25.4333,68.2,86,78,12.59,PT,2022-07-13 22:40:31,broken clouds
296,Vostok,46.4856,135.8833,68.52,80,87,4.43,RU,2022-07-13 22:40:32,overcast clouds
297,Aksu,41.1231,80.2644,71.33,40,69,7.81,CN,2022-07-13 22:40:32,broken clouds
298,Ibra,22.6906,58.5334,87.66,56,88,3.47,OM,2022-07-13 22:40:33,overcast clouds
299,Auki,-8.7676,160.7034,83.07,60,7,3.2,SB,2022-07-13 22:40:33,clear sky
300,Kalabo,-14.97,22.6814,54.61,60,7,6.08,ZM,2022-07-13 22:40:34,clear sky
301,Yerbogachen,61.2767,108.0108,55.87,61,100,5.5,RU,2022-07-13 22:40:34,overcast clouds
302,Yar-Sale,66.8333,70.8333,51.57,78,99,9.08,RU,2022-07-13 22:40:34,overcast clouds
303,Kalvarija,54.4,23.2333,55.99,94,60,6.22,LT,2022-07-13 22:40:35,broken clouds
304,Rocky Mountain House,52.3668,-114.9188,66.7,76,34,13.44,CA,2022-07-13 22:40:35,scattered clouds
305,Lorengau,-2.0226,147.2712,83.39,76,100,6.82,PG,2022-07-13 22:40:36,overcast clouds
306,Bardiyah,31.7561,25.0865,75.94,67,0,11.16,LY,2022-07-13 22:40:36,clear sky
307,Vestmannaeyjar,63.4427,-20.2734,49.6,81,100,12.5,IS,2022-07-13 22:40:36,overcast clouds
308,Mantiquil,9.1667,123.05,73.63,76,43,2.68,PH,2022-07-13 22:40:37,scattered clouds
309,Alamosa,37.4695,-105.87,85.98,16,0,5.77,US,2022-07-13 22:40:37,clear sky
310,Takoradi,4.8845,-1.7554,74.35,88,100,9.82,GH,2022-07-13 22:40:38,overcast clouds
311,Oro Valley,32.3909,-110.9665,105.75,27,85,8.01,US,2022-07-13 22:40:38,overcast clouds
312,Port Hardy,50.6996,-127.4199,60.98,77,75,5.75,CA,2022-07-13 22:40:38,broken clouds
313,Kefamenanu,-9.4467,124.4781,67.26,81,80,5.61,ID,2022-07-13 22:40:39,broken clouds
314,Sao Jose Da Coroa Grande,-8.8978,-35.1478,75.47,80,36,9.42,BR,2022-07-13 22:40:39,scattered clouds
315,Talnakh,69.4865,88.3972,49.21,55,40,2.73,RU,2022-07-13 22:40:39,scattered clouds
316,Touros,-5.1989,-35.4608,75.78,86,41,13.13,BR,2022-07-13 22:40:40,scattered clouds
317,Binzhou,37.3667,118.0167,77.85,79,0,2.44,CN,2022-07-13 22:38:55,clear sky
318,Atagay,55.1033,99.3875,54.79,85,100,6.82,RU,2022-07-13 22:40:41,overcast clouds
319,Taoudenni,22.6783,-3.9836,103.12,12,54,1.95,ML,2022-07-13 22:40:41,broken clouds
320,Russell,32.3502,-85.1999,83.12,64,100,5.97,US,2022-07-13 22:40:41,overcast clouds
321,Puerto Escondido,15.85,-97.0667,86.83,58,75,5.75,MX,2022-07-13 22:36:44,broken clouds
322,Camara De Lobos,32.6333,-16.9667,71.01,85,40,5.75,PT,2022-07-13 22:40:42,scattered clouds
323,North Las Vegas,36.1989,-115.1175,112.64,13,0,11.5,US,2022-07-13 22:40:13,clear sky
324,Panguna,-6.3164,155.4848,71.53,87,93,1.86,PG,2022-07-13 22:40:44,overcast clouds
325,Mehamn,71.0357,27.8492,57.15,94,75,0.0,NO,2022-07-13 22:40:44,broken clouds
326,Naqadeh,36.9553,45.388,75.42,44,4,6.33,IR,2022-07-13 22:40:44,clear sky
327,Revda,56.801,59.9303,62.44,94,8,2.77,RU,2022-07-13 22:40:45,clear sky
328,Palmer,42.1584,-72.3287,85.55,47,15,4.72,US,2022-07-13 22:40:45,few clouds
329,Reinosa,42.9996,-4.138,68.05,39,19,4.29,ES,2022-07-13 22:40:46,few clouds
330,Spencer,43.1414,-95.1444,86.56,53,0,5.75,US,2022-07-13 22:40:46,clear sky
331,Saint Anthony,45.0205,-93.218,80.74,59,0,11.5,US,2022-07-13 22:40:47,clear sky
332,Mamakan,57.8161,114.0028,62.58,85,61,1.45,RU,2022-07-13 22:40:47,broken clouds
333,Caravelas,-17.7125,-39.2481,71.2,88,3,4.72,BR,2022-07-13 22:40:47,clear sky
334,Saint George,37.1041,-113.5841,106.43,17,0,11.5,US,2022-07-13 22:38:51,clear sky
335,Aswan,24.0934,32.907,90.7,22,0,8.05,EG,2022-07-13 22:40:48,clear sky
336,Flin Flon,54.7682,-101.865,84.04,42,20,9.22,CA,2022-07-13 22:40:48,few clouds
337,Vung Tau,10.346,107.0843,78.24,83,99,9.75,VN,2022-07-13 22:40:49,overcast clouds
338,Bertoua,4.5833,13.6833,68.25,97,100,3.62,CM,2022-07-13 22:40:49,light rain
339,Puerto Lempira,15.2667,-83.7667,86.14,70,75,9.22,HN,2022-07-13 22:37:59,broken clouds
340,Kloulklubed,7.0419,134.2556,75.7,72,93,6.82,PW,2022-07-13 22:40:50,overcast clouds
341,Jardim,-21.4803,-56.1381,70.07,70,58,5.28,BR,2022-07-13 22:39:45,broken clouds
342,Askino,56.0901,56.5783,66.22,91,55,3.58,RU,2022-07-13 22:40:51,broken clouds
343,Kryvyy Rih,47.9167,33.35,58.96,81,93,10.98,UA,2022-07-13 22:40:51,overcast clouds
344,Baruun-Urt,46.6806,113.2792,65.53,51,2,5.55,MN,2022-07-13 22:40:51,clear sky
345,Acapulco,16.8634,-99.8901,85.82,70,40,6.91,MX,2022-07-13 22:40:07,scattered clouds
346,Sao Felix Do Xingu,-6.6447,-51.995,81.48,43,78,1.7,BR,2022-07-13 22:40:52,broken clouds
347,Inhambane,-23.865,35.3833,65.35,69,0,6.24,MZ,2022-07-13 22:40:52,clear sky
348,Nikolayevsk-Na-Amure,53.1406,140.73,74.35,73,85,4.14,RU,2022-07-13 22:40:53,overcast clouds
349,Palora,-1.7,-77.9333,71.71,97,98,0.27,EC,2022-07-13 22:40:53,light rain
350,Kirakira,-10.4544,161.9205,82.78,61,32,3.65,SB,2022-07-13 22:40:54,scattered clouds
351,Luganville,-15.5333,167.1667,82.29,69,12,6.89,VU,2022-07-13 22:40:54,few clouds
352,Beidao,34.5686,105.8933,70.79,96,100,1.7,CN,2022-07-13 22:40:55,overcast clouds
353,Greymouth,-42.4667,171.2,52.63,78,65,3.31,NZ,2022-07-13 22:40:55,broken clouds
354,West Plains,36.7281,-91.8524,96.22,45,20,5.01,US,2022-07-13 22:40:56,few clouds
355,Nerchinskiy Zavod,51.3088,119.61,59.18,98,100,7.92,RU,2022-07-13 22:40:56,light rain
356,Ouargaye,11.5033,0.0572,81.48,66,89,5.97,BF,2022-07-13 22:40:56,overcast clouds
357,Tondano,1.3038,124.9112,69.89,92,100,1.28,ID,2022-07-13 22:40:57,overcast clouds
358,Pachino,36.7186,15.0907,75.13,67,5,0.18,IT,2022-07-13 22:40:57,clear sky
359,Goderich,43.7501,-81.7165,67.91,72,55,4.61,CA,2022-07-13 22:40:58,broken clouds
360,Kapoeta,4.7717,33.5903,76.26,62,83,6.02,SS,2022-07-13 22:40:58,broken clouds
361,Aasiaat,68.7098,-52.8699,38.32,94,100,5.88,GL,2022-07-13 22:40:59,overcast clouds
362,Namtsy,62.7161,129.6658,69.89,76,96,5.53,RU,2022-07-13 22:40:59,overcast clouds
363,Mindelo,16.8901,-24.9804,74.75,69,20,12.66,CV,2022-07-13 22:41:00,few clouds
364,Praia,14.9215,-23.5087,77.54,73,75,12.66,CV,2022-07-13 22:41:00,broken clouds
365,Clyde River,70.4692,-68.5914,39.43,93,0,13.8,CA,2022-07-13 22:36:53,clear sky
366,Areia Branca,-4.9561,-37.1369,79.18,74,51,19.89,BR,2022-07-13 22:41:00,broken clouds
367,Karonga,-9.9333,33.9333,66.33,74,11,4.47,MW,2022-07-13 22:41:01,few clouds
368,Shingu,33.7333,135.9833,77.83,82,100,2.77,JP,2022-07-13 22:41:02,heavy intensity rain
369,Burnie,-41.0667,145.9167,44.94,76,17,3.89,AU,2022-07-13 22:41:03,few clouds
370,Kalmunai,7.4167,81.8167,77.5,66,17,5.06,LK,2022-07-13 22:41:04,few clouds
371,Itarema,-2.9248,-39.9167,79.29,81,46,16.4,BR,2022-07-13 22:41:04,scattered clouds
372,Faanui,-16.4833,-151.75,78.13,72,28,19.06,PF,2022-07-13 22:41:05,scattered clouds
373,Naushahro Firoz,26.8424,68.123,89.51,67,16,10.0,PK,2022-07-13 22:41:05,moderate rain
374,Gamba,-2.65,10.0,69.62,88,42,6.55,GA,2022-07-13 22:41:05,scattered clouds
375,Otjimbingwe,-22.35,16.1333,60.85,34,0,2.08,NA,2022-07-13 22:41:06,clear sky
376,Saint-Georges,12.0564,-61.7485,82.08,74,20,11.5,GD,2022-07-13 22:36:55,few clouds
377,Novopokrovka,49.8425,36.5477,59.22,77,100,2.64,UA,2022-07-13 22:41:07,overcast clouds
378,Tiksi,71.6872,128.8694,37.62,94,99,5.91,RU,2022-07-13 22:40:24,overcast clouds
379,Charyshskoye,51.3978,83.5598,51.87,69,86,1.86,RU,2022-07-13 22:41:07,overcast clouds
380,Taywarah,33.35,64.4167,51.12,38,0,7.16,AF,2022-07-13 22:41:08,clear sky
381,Holetown,13.1867,-59.6381,82.96,82,2,17.38,BB,2022-07-13 22:41:08,clear sky
382,Broken Hill,-31.95,141.4333,42.76,75,0,6.8,AU,2022-07-13 22:39:27,clear sky
383,San Vicente,-26.6167,-54.1333,52.99,88,1,3.49,AR,2022-07-13 22:41:09,clear sky
384,Chase,50.8165,-119.6857,87.08,27,21,3.31,CA,2022-07-13 22:41:09,few clouds
385,Alta Floresta,-9.8756,-56.0861,77.88,37,59,3.4,BR,2022-07-13 22:41:10,broken clouds
386,Novoseleznevo,55.6821,69.2056,61.23,81,1,6.76,RU,2022-07-13 22:41:10,clear sky
387,Los Llanos De Aridane,28.6585,-17.9182,65.95,87,20,4.61,ES,2022-07-13 22:41:10,few clouds
388,Kristinehamn,59.3098,14.1081,57.76,61,30,11.03,SE,2022-07-13 22:41:11,scattered clouds
389,Gornyy,55.1153,83.9059,49.46,74,43,2.59,RU,2022-07-13 22:41:11,scattered clouds
390,Hunfeld,50.6797,9.7673,69.28,68,61,1.72,DE,2022-07-13 22:41:12,broken clouds
391,Kalianget,-7.05,113.9333,79.29,82,87,8.72,ID,2022-07-13 22:41:12,overcast clouds
392,Vyazemskiy,47.5378,134.7525,68.68,93,79,5.53,RU,2022-07-13 22:41:13,broken clouds
393,Rawson,-43.3002,-65.1023,44.01,48,57,9.31,AR,2022-07-13 22:41:13,broken clouds
394,Coihaique,-45.5752,-72.0662,29.01,98,100,2.53,CL,2022-07-13 22:41:13,overcast clouds
395,Hami,42.8,93.45,75.7,34,81,18.37,CN,2022-07-13 22:39:00,broken clouds
396,Flagstaff,35.1981,-111.6513,82.06,34,75,6.91,US,2022-07-13 22:41:14,broken clouds
397,San Juan,-31.5375,-68.5364,52.2,28,5,8.01,AR,2022-07-13 22:38:33,clear sky
398,Ruwi,23.5996,58.5507,91.09,57,78,3.85,OM,2022-07-13 22:41:14,broken clouds
399,Lucea,18.451,-78.1736,87.66,75,58,10.27,JM,2022-07-13 22:41:15,broken clouds
400,Kahului,20.8947,-156.47,84.22,74,40,25.32,US,2022-07-13 22:41:15,scattered clouds
401,Kamenka,51.3223,42.7678,61.07,94,78,5.84,RU,2022-07-13 22:41:16,broken clouds
402,Romny,50.751,33.4747,56.64,98,100,9.98,UA,2022-07-13 22:41:16,light rain
403,Bara,10.3744,10.7288,74.05,89,100,9.98,NG,2022-07-13 22:41:17,overcast clouds
404,Channel-Port Aux Basques,47.5702,-59.1367,59.83,92,60,7.92,CA,2022-07-13 22:41:17,broken clouds
405,Lompoc,34.6391,-120.4579,88.02,69,0,17.27,US,2022-07-13 22:38:19,clear sky
406,Ferrol,43.4832,-8.2369,77.34,79,82,4.36,ES,2022-07-13 22:41:18,broken clouds
407,Bodmin,50.4715,-4.7243,60.51,82,100,9.22,GB,2022-07-13 22:41:18,overcast clouds
408,Poum,-20.2333,164.0167,74.25,63,98,14.72,NC,2022-07-13 22:41:19,overcast clouds
409,Sibu,2.3,111.8167,71.91,94,40,3.44,MY,2022-07-13 22:41:19,scattered clouds
410,Mitsamiouli,-11.3847,43.2844,77.92,72,73,3.71,KM,2022-07-13 22:41:20,broken clouds
411,Pimenta Bueno,-11.6725,-61.1936,78.13,42,47,1.28,BR,2022-07-13 22:41:20,scattered clouds
412,Oranjestad,12.524,-70.027,84.15,74,20,19.57,AW,2022-07-13 22:37:26,few clouds
413,Druzhinino,56.7895,59.5143,61.83,95,4,2.98,RU,2022-07-13 22:41:21,clear sky
414,Atar,20.5169,-13.0499,95.56,27,39,8.55,MR,2022-07-13 22:41:21,scattered clouds
415,Manzil Salim,35.8567,8.4765,77.07,43,0,5.99,TN,2022-07-13 22:41:21,clear sky
416,Sao Filipe,14.8961,-24.4956,75.22,78,38,10.94,CV,2022-07-13 22:41:22,scattered clouds
417,Tura,25.5198,90.2201,74.88,97,93,2.95,IN,2022-07-13 22:41:23,overcast clouds
418,Chicama,-7.8447,-79.1469,61.34,77,41,7.85,PE,2022-07-13 22:41:24,scattered clouds
419,Riviere-Du-Loup,47.8304,-69.5342,70.07,49,75,6.91,CA,2022-07-13 22:41:24,broken clouds
420,Griffith,41.5284,-87.4237,80.31,71,0,13.8,US,2022-07-13 22:41:24,clear sky
421,Champerico,14.3,-91.9167,91.94,71,73,5.59,GT,2022-07-13 22:41:25,broken clouds
422,Tabas,33.5959,56.9244,79.83,24,0,5.06,IR,2022-07-13 22:41:25,clear sky
423,Arman,59.7,150.1667,71.02,65,47,4.76,RU,2022-07-13 22:41:26,scattered clouds
424,Augustow,53.8432,22.9798,55.58,96,44,6.2,PL,2022-07-13 22:41:26,scattered clouds
425,San Quintin,30.4833,-115.95,70.63,70,77,16.4,MX,2022-07-13 22:41:26,broken clouds
426,Nhulunbuy,-12.2333,136.7667,72.21,60,75,14.97,AU,2022-07-13 22:41:27,broken clouds
427,Kathmandu,27.7167,85.3167,71.82,94,75,2.3,NP,2022-07-13 22:40:18,broken clouds
428,Varazdin,46.3044,16.3378,59.9,84,11,4.45,HR,2022-07-13 22:41:27,few clouds
429,Calbuco,-41.768,-73.1273,42.01,81,98,14.03,CL,2022-07-13 22:41:28,light rain
430,Rehoboth,-23.3167,17.0833,53.26,38,3,4.81,NA,2022-07-13 22:41:28,clear sky
431,Penzance,50.1186,-5.5371,59.68,73,100,17.56,GB,2022-07-13 22:41:29,overcast clouds
432,Ust-Maya,60.4167,134.5333,72.86,66,80,5.03,RU,2022-07-13 22:41:29,broken clouds
433,Fort Nelson,58.8053,-122.7002,60.39,51,75,5.75,CA,2022-07-13 22:41:29,broken clouds
434,Alice Springs,-23.7,133.8833,27.95,86,0,0.0,AU,2022-07-13 22:41:30,clear sky
435,Laguna,38.421,-121.4238,96.15,33,0,11.5,US,2022-07-13 22:40:43,clear sky
436,Alindao,5.0267,21.2088,69.33,98,100,0.87,CF,2022-07-13 22:41:30,light rain
437,Innisfail,-17.5333,146.0333,59.43,54,2,6.58,AU,2022-07-13 22:41:31,clear sky
438,Ixtapa,20.7,-105.2,86.23,77,96,3.0,MX,2022-07-13 22:41:31,overcast clouds
439,Boyolangu,-8.1181,111.8935,74.64,93,100,4.16,ID,2022-07-13 22:41:32,light rain
440,Ilanskiy,56.2358,96.065,49.12,84,15,4.29,RU,2022-07-13 22:41:32,few clouds
441,Arroyo,41.6096,-4.7969,85.59,31,0,6.91,ES,2022-07-13 22:41:32,clear sky
442,Egersund,58.4513,5.9997,53.1,88,87,17.83,NO,2022-07-13 22:38:46,overcast clouds
443,Corum,40.5,34.75,54.37,86,0,3.47,TR,2022-07-13 22:41:33,clear sky
444,Turayf,31.6725,38.6637,77.25,47,0,13.8,SA,2022-07-13 22:41:34,clear sky
445,Kimbe,-5.5502,150.1429,84.78,65,49,4.45,PG,2022-07-13 22:41:34,scattered clouds
446,Clarksburg,39.2807,-80.3445,86.11,45,0,6.91,US,2022-07-13 22:41:34,clear sky
447,Dabola,10.75,-11.1167,72.93,92,92,3.02,GN,2022-07-13 22:41:35,overcast clouds
448,Abha,18.2164,42.5053,64.65,72,40,0.0,SA,2022-07-13 22:41:35,scattered clouds
449,Gondar,12.6,37.4667,56.79,93,100,3.74,ET,2022-07-13 22:41:36,light rain
450,Nyurba,63.2842,118.3319,62.56,70,97,4.12,RU,2022-07-13 22:41:36,overcast clouds
451,Halifax,44.6453,-63.5724,78.69,79,20,6.91,CA,2022-07-13 22:39:15,few clouds
452,Nara,34.6851,135.8049,77.5,69,100,1.99,JP,2022-07-13 22:37:19,light rain
453,Caruray,10.3094,119.0128,80.56,87,86,2.21,PH,2022-07-13 22:41:37,overcast clouds
454,Nioro,13.35,-15.75,78.82,83,100,7.49,GM,2022-07-13 22:41:37,light rain
455,Oussouye,12.485,-16.5469,80.69,87,96,6.06,SN,2022-07-13 22:41:38,overcast clouds
456,Mayor Pablo Lagerenza,-19.9309,-60.7718,79.81,45,60,6.31,PY,2022-07-13 22:41:38,broken clouds
457,Katsuura,35.1333,140.3,75.51,91,100,10.76,JP,2022-07-13 22:41:39,overcast clouds
458,Valparaiso,-33.0393,-71.6273,55.04,91,100,20.71,CL,2022-07-13 22:41:39,mist
459,Zeya,53.75,127.2667,73.54,67,100,4.32,RU,2022-07-13 22:41:39,overcast clouds
460,Kozhevnikovo,56.2589,83.9714,52.95,66,94,1.74,RU,2022-07-13 22:41:40,overcast clouds
461,Winchester,51.0651,-1.3187,70.48,74,0,4.61,GB,2022-07-13 22:41:40,clear sky
462,Braganca,-1.0536,-46.7656,73.2,99,100,3.18,BR,2022-07-13 22:41:41,overcast clouds
463,Kunming,25.0389,102.7183,64.33,88,40,4.47,CN,2022-07-13 22:41:42,scattered clouds
464,Virginia Beach,36.8529,-75.978,77.07,91,100,6.91,US,2022-07-13 22:37:29,overcast clouds
465,Grevena,40.0845,21.4274,63.61,53,0,5.01,GR,2022-07-13 22:41:43,clear sky
466,Raduzhnyy,62.0961,77.475,55.89,64,100,2.59,RU,2022-07-13 22:41:43,overcast clouds
467,Haines Junction,60.7522,-137.5108,55.35,71,96,2.3,CA,2022-07-13 22:39:38,overcast clouds
468,Souillac,-20.5167,57.5167,66.58,94,75,14.97,MU,2022-07-13 22:41:44,light rain
469,Hovd,48.0056,91.6419,54.12,74,1,2.35,MN,2022-07-13 22:41:16,clear sky
470,Mount Vernon,40.9126,-73.8371,90.59,48,40,12.66,US,2022-07-13 22:39:07,scattered clouds
471,Omboue,-1.5746,9.2618,70.47,90,24,5.57,GA,2022-07-13 22:41:44,few clouds
472,Mecca,21.4267,39.8261,88.63,34,93,3.11,SA,2022-07-13 22:41:45,overcast clouds
473,Minab,27.1467,57.0801,92.48,58,29,3.4,IR,2022-07-13 22:41:45,scattered clouds
474,Kutum,14.2,24.6667,73.35,72,43,9.46,SD,2022-07-13 22:41:46,scattered clouds
475,Baker City,44.7749,-117.8344,86.59,29,0,10.36,US,2022-07-13 22:41:15,clear sky
476,Benemerito De Las Americas,16.5167,-90.6439,82.85,76,100,1.74,MX,2022-07-13 22:41:46,overcast clouds
477,Fonte Boa,-2.4959,-66.2662,77.43,86,77,2.28,BR,2022-07-13 22:41:47,broken clouds
478,Sao Francisco Do Sul,-26.2433,-48.6381,60.71,94,75,3.44,BR,2022-07-13 22:41:47,broken clouds
479,Tual,-5.6667,132.75,79.38,81,87,25.84,ID,2022-07-13 22:41:48,overcast clouds
480,Thoen,17.6129,99.2161,74.66,97,100,0.67,TH,2022-07-13 22:41:48,overcast clouds
481,Katherine,-14.4667,132.2667,48.52,57,39,8.05,AU,2022-07-13 22:41:49,scattered clouds
482,Ajdabiya,30.7554,20.2263,76.35,61,0,12.8,LY,2022-07-13 22:41:49,clear sky
483,Matara,5.9485,80.5353,78.49,84,33,12.77,LK,2022-07-13 22:41:50,scattered clouds
484,Guarapari,-20.6667,-40.4975,72.9,91,8,4.74,BR,2022-07-13 22:41:50,clear sky
485,Vardo,70.3705,31.1107,51.78,100,100,6.91,NO,2022-07-13 22:41:05,light rain
486,Pisco,-13.7,-76.2167,62.65,77,0,19.57,PE,2022-07-13 22:41:51,clear sky
487,Patos,-7.0244,-37.28,75.36,73,92,17.49,BR,2022-07-13 22:41:51,overcast clouds
488,Lesnyye Polyany,55.9667,37.8667,62.82,72,27,2.71,RU,2022-07-13 22:41:51,scattered clouds
489,Caohai,26.8661,104.2841,59.25,97,15,6.02,CN,2022-07-13 22:41:52,few clouds
490,Emerald,-23.5333,148.1667,46.35,79,0,7.94,AU,2022-07-13 22:41:52,clear sky
491,San Diego De Los Banos,22.6467,-83.3697,87.15,61,6,5.01,CU,2022-07-13 22:41:53,clear sky
492,Sola,-13.8833,167.55,83.07,79,40,3.44,VU,2022-07-13 22:41:53,scattered clouds
493,La Ronge,55.1001,-105.2842,89.82,23,75,19.57,CA,2022-07-13 22:41:54,broken clouds
494,Mapiri,-15.25,-68.1667,66.2,99,91,0.34,BO,2022-07-13 22:41:54,overcast clouds
495,Eyl,7.9803,49.8164,79.41,71,74,22.32,SO,2022-07-13 22:41:54,broken clouds
496,Cedar City,37.6775,-113.0619,92.37,21,0,14.97,US,2022-07-13 22:40:41,clear sky
497,Manicore,-5.8092,-61.3003,85.95,66,0,0.0,BR,2022-07-13 22:41:55,clear sky
498,Morant Bay,17.8815,-76.4093,88.72,78,10,10.07,JM,2022-07-13 22:41:55,clear sky
499,Maamba,-17.3667,27.15,57.38,59,0,3.49,ZM,2022-07-13 22:41:56,clear sky
500,Tateyama,34.9833,139.8667,78.1,88,100,9.4,JP,2022-07-13 22:41:56,overcast clouds
501,Kiunga,-6.1219,141.2906,72.84,97,96,3.36,PG,2022-07-13 22:41:57,overcast clouds
502,Westport,41.1415,-73.3579,89.02,57,0,8.05,US,2022-07-13 22:41:57,clear sky
503,Tupaciguara,-18.5922,-48.705,68.0,35,21,6.29,BR,2022-07-13 22:41:57,few clouds
504,Gizo,-8.103,156.8419,83.7,71,14,8.3,SB,2022-07-13 22:41:58,few clouds
505,Samarai,-10.6167,150.6667,77.76,83,100,19.69,PG,2022-07-13 22:41:58,overcast clouds
506,Cayenne,4.9333,-52.3333,78.84,89,0,0.0,GF,2022-07-13 22:41:11,clear sky
507,Perpignan,42.75,2.75,74.82,91,75,3.44,FR,2022-07-13 22:41:59,broken clouds
508,Brandon,27.9378,-82.2859,93.15,66,100,11.5,US,2022-07-13 22:41:59,light rain
509,Jiangdu,32.4286,119.5574,90.9,71,100,6.2,CN,2022-07-13 22:42:00,overcast clouds
510,Alyangula,-13.8483,136.4192,69.62,58,45,18.54,AU,2022-07-13 22:42:01,scattered clouds
511,Honiara,-9.4333,159.95,84.47,64,48,4.97,SB,2022-07-13 22:38:28,scattered clouds
512,Iskateley,67.6803,53.1512,61.25,94,81,8.88,RU,2022-07-13 22:42:01,broken clouds
513,Sosnovo-Ozerskoye,52.5249,111.5418,63.75,53,17,6.87,RU,2022-07-13 22:40:24,few clouds
514,Bosaso,11.2842,49.1816,91.87,35,89,20.89,SO,2022-07-13 22:42:02,overcast clouds
515,Susani,44.5833,24.1,66.18,47,0,6.02,RO,2022-07-13 22:42:02,clear sky
516,Kirksville,40.1948,-92.5833,88.05,51,0,5.75,US,2022-07-13 22:42:03,clear sky
517,Vila Velha,-20.3297,-40.2925,73.35,87,75,11.99,BR,2022-07-13 22:42:03,broken clouds
518,Mangrol,21.1167,70.1167,80.69,89,100,15.21,IN,2022-07-13 22:42:04,light rain
519,Verneuil-Sur-Seine,48.9739,1.9648,80.91,64,26,3.56,FR,2022-07-13 22:42:04,scattered clouds
520,Buala,-8.145,159.5921,83.48,63,19,6.31,SB,2022-07-13 22:42:04,few clouds
521,Pahrump,36.2083,-115.9839,106.45,15,21,13.0,US,2022-07-13 22:42:05,few clouds
522,Tocopilla,-22.092,-70.1979,59.0,73,94,2.86,CL,2022-07-13 22:42:05,overcast clouds
523,Baghdad,33.3406,44.4009,93.11,18,0,13.8,IQ,2022-07-13 22:42:06,clear sky
524,Pochutla,15.7432,-96.4661,89.42,66,100,4.97,MX,2022-07-13 22:42:06,overcast clouds
525,Marfino,55.7028,37.3822,62.74,67,0,4.47,RU,2022-07-13 22:42:06,clear sky
526,Balkhash,46.844,74.9804,70.29,46,2,14.29,KZ,2022-07-13 22:42:07,clear sky
527,Port Augusta,-32.5,137.7667,46.98,73,0,1.74,AU,2022-07-13 22:42:07,clear sky
528,Wahiawa,21.5028,-158.0236,84.52,74,13,13.02,US,2022-07-13 22:38:26,few clouds
529,Khandyga,62.6667,135.6,70.95,71,46,2.89,RU,2022-07-13 22:42:08,scattered clouds
530,Rudbar,30.15,62.6,83.95,22,0,13.76,AF,2022-07-13 22:42:08,clear sky
531,Manado,1.487,124.8455,77.77,88,20,1.14,ID,2022-07-13 22:42:09,few clouds
532,Yulara,-25.2406,130.9889,42.51,68,0,9.35,AU,2022-07-13 22:42:09,clear sky
533,Avera,33.194,-82.5271,80.11,69,96,9.53,US,2022-07-13 22:42:09,overcast clouds
534,Sobolevo,54.4299,31.8996,52.68,97,100,6.35,RU,2022-07-13 22:42:10,overcast clouds
535,Quatre Cocos,-20.2078,57.7625,66.31,73,82,15.86,MU,2022-07-13 22:40:16,light rain
536,Luau,-10.7073,22.2247,58.51,44,2,4.97,AO,2022-07-13 22:42:10,clear sky
537,Mala Vyska,48.6431,31.6366,55.56,96,81,12.91,UA,2022-07-13 22:42:11,broken clouds
538,Lubao,14.9167,120.55,80.31,85,98,1.77,PH,2022-07-13 22:42:11,overcast clouds
539,Severnyy-Kospashskiy,59.0925,57.8008,63.61,96,3,2.59,RU,2022-07-13 22:42:12,clear sky
540,Sumbe,-11.2061,13.8437,68.94,88,63,7.2,AO,2022-07-13 22:42:12,broken clouds
541,Taltal,-25.4,-70.4833,56.39,76,85,3.04,CL,2022-07-13 22:40:20,overcast clouds
542,Batticaloa,7.7102,81.6924,79.99,65,17,13.6,LK,2022-07-13 22:42:13,few clouds
543,Djenne,13.9061,-4.5533,89.35,42,98,8.68,ML,2022-07-13 22:42:13,overcast clouds
544,Bowen,-20.0167,148.2333,55.36,55,0,4.34,AU,2022-07-13 22:42:14,clear sky
545,Thunder Bay,48.4001,-89.3168,73.31,38,20,9.22,CA,2022-07-13 22:41:19,few clouds
546,Palauig,15.435,119.9045,82.15,81,97,8.93,PH,2022-07-13 22:42:14,overcast clouds
547,Henties Bay,-22.116,14.2845,55.53,88,0,7.07,NA,2022-07-13 22:42:15,clear sky
548,Savannakhet,16.566,104.751,74.77,97,100,3.09,LA,2022-07-13 22:41:10,overcast clouds
549,Esperance,-33.8667,121.9,59.97,42,65,23.64,AU,2022-07-13 22:42:15,broken clouds
550,Darhan,49.4867,105.9228,66.42,57,100,4.88,MN,2022-07-13 22:37:38,light rain
551,Titlagarh,20.3,83.15,74.39,90,100,5.46,IN,2022-07-13 22:42:16,overcast clouds
552,Eureka,40.8021,-124.1637,80.67,73,28,4.0,US,2022-07-13 22:42:16,scattered clouds
553,Kandalaksha,67.162,32.4123,58.87,99,100,2.77,RU,2022-07-13 22:42:16,overcast clouds
554,Banjarmasin,-3.3244,114.591,75.34,98,99,4.43,ID,2022-07-13 22:42:17,overcast clouds
555,Lesozavodsk,45.4794,133.4244,70.29,87,100,8.41,RU,2022-07-13 22:42:18,light rain
556,Lere,10.387,8.5726,68.58,93,100,2.13,NG,2022-07-13 22:42:19,moderate rain
557,Santo Tomas,14.1079,121.1414,81.48,91,100,2.51,PH,2022-07-13 22:42:19,overcast clouds
558,Artesia,33.8658,-118.0831,95.7,57,0,11.5,US,2022-07-13 22:42:20,clear sky
559,Istok,42.7808,20.4875,58.08,59,0,5.79,XK,2022-07-13 22:42:20,clear sky
